manufacturer,model_code,year_from,year_to,engine_model,serial_range_start,serial_range_end,operating_weight_kg,engine_power_kw,engine_displacement_cc,emission_standard,hydraulic_pressure_bar,fuel_tank_capacity_l,hydraulic_tank_capacity_l,coolant_capacity_l,engine_oil_capacity_l,engine_oil_filter,fuel_filter,fuel_water_separator,air_filter_outer,air_filter_inner,hydraulic_filter,hydraulic_return_filter,pilot_filter,cabin_filter,bucket_cylinder_seal_kit,arm_cylinder_seal_kit,boom_cylinder_seal_kit,top_roller,bottom_roller,sprocket,idler,track_link,track_shoe,track_pin,track_bushing,bucket_tooth,tooth_adapter,side_cutter,cutting_edge
ATLAS,140W,2010,,Deutz TCD4.1,AT140WA001,AT140WA999,14500,,4100.0,,,,,,,,,,,,,,,,,,,,,,,,,,,,,,
ATLAS,150W,2010,,Deutz TCD4.1,AT150WA001,AT150WA999,15500,,4100.0,,,,,,,,,,,,,,,,,,,,,,,,,,,,,,
ATLAS,160W,2010,,Deutz TCD6.1,AT160WA001,AT160WA999,16500,,6100.0,,,,,,,,,,,,,,,,,,,,,,,,,,,,,,
ATLAS,170W,2010,,Deutz TCD6.1,AT170WA001,AT170WA999,17500,,6100.0,,,,,,,,,,,,,,,,,,,,,,,,,,,,,,
ATLAS,180W,2010,,Deutz TCD6.1,AT180WA001,AT180WA999,18500,,6100.0,,,,,,,,,,,,,,,,,,,,,,,,,,,,,,
ATLAS,190W,2010,,Deutz TCD6.1,AT190WA001,AT190WA999,19500,,6100.0,,,,,,,,,,,,,,,,,,,,,,,,,,,,,,
ATLAS,200W,2010,,Deutz TCD7.8,AT200WA001,AT200WA999,20500,,7800.0,,,,,,,,,,,,,,,,,,,,,,,,,,,,,,
ATLAS,220W,2010,,Deutz TCD7.8,AT220WA001,AT220WA999,22500,,7800.0,,,,,,,,,,,,,,,,,,,,,,,,,,,,,,
ATLAS,260LC,2010,,Deutz TCD7.8,AT260LCA01,AT260LCA99,26500,,7800.0,,,,,,,,,,,,,,,,,,,,,,,,,,,,,,
ATLAS,340LC,2010,,Deutz TCD12.0,AT340LCA01,AT340LCA99,34500,,11970.0,,,,,,,,,,,,,,,,,,,,,,,,,,,,,,
ATLAS,AC 100,2015,,Deutz TCD3.6,ATAC100A01,ATAC100A99,10500,,3600.0,,,,,,,,,,,,,,,,,,,,,,,,,,,,,,
ATLAS,AC 20U,2015,,Yanmar 3TNV76,ATAC20A001,ATAC20A999,2050,,1116.0,,,,,,,,,,,,,,,,,,,,,,,,,,,,,,
ATLAS,AC 25U,2015,,Yanmar 3TNV80F,ATAC25A001,ATAC25A999,2600,,1266.0,,,,,,,,,,,,,,,,,,,,,,,,,,,,,,
ATLAS,AC 30U,2015,,Yanmar 3TNV82A,ATAC30A001,ATAC30A999,3100,,1331.0,,,,,,,,,,,,,,,,,,,,,,,,,,,,,,
ATLAS,AC 35U,2015,,Yanmar 3TNV88F,ATAC35A001,ATAC35A999,3600,,1642.0,,,,,,,,,,,,,,,,,,,,,,,,,,,,,,
ATLAS,AC 40U,2015,,Yanmar 3TNV88F,ATAC40A001,ATAC40A999,4100,,1642.0,,,,,,,,,,,,,,,,,,,,,,,,,,,,,,
ATLAS,AC 50U,2015,,Yanmar 4TNV88,ATAC50A001,ATAC50A999,5100,,2190.0,,,,,,,,,,,,,,,,,,,,,,,,,,,,,,
ATLAS,AC 60,2015,,Yanmar 4TNV98,ATAC60A001,ATAC60A999,6100,,3319.0,,,,,,,,,,,,,,,,,,,,,,,,,,,,,,
ATLAS,AC 80,2015,,Deutz TCD3.6,ATAC80A001,ATAC80A999,8200,,3600.0,,,,,,,,,,,,,,,,,,,,,,,,,,,,,,
ATLAS,AR 105,2015,,Deutz TCD6.1,ATAR105A01,ATAR105A99,9000,,6100.0,,,,,,,,,,,,,,,,,,,,,,,,,,,,,,
ATLAS,AR 35,2015,,Yanmar 4TNV88,ATAR35A001,ATAR35A999,3000,,2190.0,,,,,,,,,,,,,,,,,,,,,,,,,,,,,,
ATLAS,AR 40,2015,,Yanmar 4TNV88,ATAR40A001,ATAR40A999,3500,,2190.0,,,,,,,,,,,,,,,,,,,,,,,,,,,,,,
ATLAS,AR 52D,2015,,Yanmar 4TNV98,ATAR52DA01,ATAR52DA99,4200,,3319.0,,,,,,,,,,,,,,,,,,,,,,,,,,,,,,
ATLAS,AR 52E,2018,,Yanmar 4TNV98,ATAR52EA01,ATAR52EA99,4400,,3319.0,,,,,,,,,,,,,,,,,,,,,,,,,,,,,,
ATLAS,AR 60,2015,,Deutz TCD3.6,ATAR60A001,ATAR60A999,5000,,3600.0,,,,,,,,,,,,,,,,,,,,,,,,,,,,,,
ATLAS,AR 65,2015,,Deutz TCD3.6,ATAR65A001,ATAR65A999,5500,,3600.0,,,,,,,,,,,,,,,,,,,,,,,,,,,,,,
ATLAS,AR 75,2015,,Deutz TCD3.6,ATAR75A001,ATAR75A999,6200,,3600.0,,,,,,,,,,,,,,,,,,,,,,,,,,,,,,
ATLAS,AR 80,2015,,Deutz TCD4.1,ATAR80A001,ATAR80A999,6800,,4100.0,,,,,,,,,,,,,,,,,,,,,,,,,,,,,,
ATLAS,AR 85,2015,,Deutz TCD4.1,ATAR85A001,ATAR85A999,7200,,4100.0,,,,,,,,,,,,,,,,,,,,,,,,,,,,,,
ATLAS,AR 95,2015,,Deutz TCD4.1,ATAR95A001,ATAR95A999,8000,,4100.0,,,,,,,,,,,,,,,,,,,,,,,,,,,,,,
BOBCAT,E08,2018,,Yanmar 2TNV70,B3BL11001,B3BL19999,850,,570.0,,,,,,,,,,,,,,,,,,,,,,,,,,,,,,
BOBCAT,E10,2015,,Yanmar 2TNV70,B3BL21001,B3BL29999,1100,,570.0,,,,,,,,,,,,,,,,,,,,,,,,,,,,,,
BOBCAT,E10z,2020,,Yanmar 2TNV70,B3BL31001,B3BL39999,1150,,570.0,,,,,,,,,,,,,,,,,,,,,,,,,,,,,,
BOBCAT,E145,2020,,Bobcat D34,B3BT61001,B3BT69999,15000,,3400.0,,,,,,,,,,,,,,,,,,,,,,,,,,,,,,
BOBCAT,E165,2020,,Bobcat D34,B3BT71001,B3BT79999,17000,,3400.0,,,,,,,,,,,,,,,,,,,,,,,,,,,,,,
BOBCAT,E17,2018,,Yanmar 3TNV70,B3BM11001,B3BM19999,1700,,854.0,,,,,,,,,,,,,,,,,,,,,,,,,,,,,,
BOBCAT,E17z,2020,,Yanmar 3TNV70,B3BM21001,B3BM29999,1750,,854.0,,,,,,,,,,,,,,,,,,,,,,,,,,,,,,
BOBCAT,E19,2018,,Yanmar 3TNV76,B3BM31001,B3BM39999,1900,,1116.0,,,,,,,,,,,,,,,,,,,,,,,,,,,,,,
BOBCAT,E20,2015,,Yanmar 3TNV76,B3BN11001,B3BN19999,2050,,1116.0,,,,,,,,,,,,,,,,,,,,,,,,,,,,,,
BOBCAT,E20z,2020,,Yanmar 3TNV76,B3BN21001,B3BN29999,2100,,1116.0,,,,,,,,,,,,,,,,,,,,,,,,,,,,,,
BOBCAT,E26,2015,,Yanmar 3TNV80F,B3BP11001,B3BP19999,2700,,1266.0,,,,,,,,,,,,,,,,,,,,,,,,,,,,,,
BOBCAT,E27,2018,,Yanmar 3TNV80F,B3BP21001,B3BP29999,2800,,1266.0,,,,,,,,,,,,,,,,,,,,,,,,,,,,,,
BOBCAT,E27z,2020,,Yanmar 3TNV80F,B3BP31001,B3BP39999,2850,,1266.0,,,,,,,,,,,,,,,,,,,,,,,,,,,,,,
BOBCAT,E32,2015,,Yanmar 3TNV82A,B3BR11001,B3BR19999,3300,,1331.0,,,,,,,,,,,,,,,,,,,,,,,,,,,,,,
BOBCAT,E34,2018,,Yanmar 3TNV88F,B3BR21001,B3BR29999,3500,,1642.0,,,,,,,,,,,,,,,,,,,,,,,,,,,,,,
BOBCAT,E35,2015,,Yanmar 3TNV88F,B3BR31001,B3BR39999,3600,,1642.0,,,,,,,,,,,,,,,,,,,,,,,,,,,,,,
BOBCAT,E35z,2020,,Yanmar 3TNV88F,B3BR41001,B3BR49999,3650,,1642.0,,,,,,,,,,,,,,,,,,,,,,,,,,,,,,
BOBCAT,E37,2018,,Yanmar 3TNV88F,B3BR51001,B3BR59999,3800,,1642.0,,,,,,,,,,,,,,,,,,,,,,,,,,,,,,
BOBCAT,E42,2015,,Yanmar 4TNV88,B3BS11001,B3BS19999,4300,,2190.0,,,,,,,,,,,,,,,,,,,,,,,,,,,,,,
BOBCAT,E45,2015,,Yanmar 4TNV88,B3BS21001,B3BS29999,4600,,2190.0,,,,,,,,,,,,,,,,,,,,,,,,,,,,,,
BOBCAT,E50,2015,,Yanmar 4TNV88,B3BS31001,B3BS39999,5100,,2190.0,,,,,,,,,,,,,,,,,,,,,,,,,,,,,,
BOBCAT,E50z,2020,,Yanmar 4TNV88,B3BS41001,B3BS49999,5150,,2190.0,,,,,,,,,,,,,,,,,,,,,,,,,,,,,,
BOBCAT,E55,2015,,Yanmar 4TNV98,B3BS51001,B3BS59999,5600,,3319.0,,,,,,,,,,,,,,,,,,,,,,,,,,,,,,
BOBCAT,E55z,2020,,Yanmar 4TNV98,B3BS61001,B3BS69999,5650,,3319.0,,,,,,,,,,,,,,,,,,,,,,,,,,,,,,
BOBCAT,E57W,2018,,Yanmar 4TNV98,B3BS71001,B3BS79999,5800,,3319.0,,,,,,,,,,,,,,,,,,,,,,,,,,,,,,
BOBCAT,E60,2015,,Yanmar 4TNV98,B3BT11001,B3BT19999,6100,,3319.0,,,,,,,,,,,,,,,,,,,,,,,,,,,,,,
BOBCAT,E62,2018,,Yanmar 4TNV98,B3BT21001,B3BT29999,6300,,3319.0,,,,,,,,,,,,,,,,,,,,,,,,,,,,,,
BOBCAT,E80,2015,,Bobcat D24,B3BT31001,B3BT39999,8200,,2400.0,,,,,,,,,,,,,,,,,,,,,,,,,,,,,,
BOBCAT,E85,2015,,Bobcat D24,B3BT41001,B3BT49999,8700,,2400.0,,,,,,,,,,,,,,,,,,,,,,,,,,,,,,
BOBCAT,E88,2020,,Bobcat D24,B3BT51001,B3BT59999,9000,,2400.0,,,,,,,,,,,,,,,,,,,,,,,,,,,,,,
BOBCAT,S100,2015,,Kubota D1105,A3NP21001,A3NP29999,1800,,1123.0,,,,,,,,,,,,,,,,,,,,,,,,,,,,,,
BOBCAT,S130,2015,,Kubota V2203,A3NP31001,A3NP39999,2400,,2197.0,,,,,,,,,,,,,,,,,,,,,,,,,,,,,,
BOBCAT,S150,2015,,Kubota V2403,A3NP41001,A3NP49999,2700,,2434.0,,,,,,,,,,,,,,,,,,,,,,,,,,,,,,
BOBCAT,S175,2015,,Kubota V2607,A3NP51001,A3NP59999,3000,,2615.0,,,,,,,,,,,,,,,,,,,,,,,,,,,,,,
BOBCAT,S185,2015,,Kubota V2607,A3NP61001,A3NP69999,3200,,2615.0,,,,,,,,,,,,,,,,,,,,,,,,,,,,,,
BOBCAT,S205,2015,,Kubota V3307,A3NP71001,A3NP79999,3500,,3331.0,,,,,,,,,,,,,,,,,,,,,,,,,,,,,,
BOBCAT,S220,2015,,Kubota V3307,A3NP81001,A3NP89999,3700,,3331.0,,,,,,,,,,,,,,,,,,,,,,,,,,,,,,
BOBCAT,S250,2015,,Kubota V3800,A3NP91001,A3NP99999,4000,,3769.0,,,,,,,,,,,,,,,,,,,,,,,,,,,,,,
BOBCAT,S300,2015,,Kubota V3800,A3NR11001,A3NR19999,4300,,3769.0,,,,,,,,,,,,,,,,,,,,,,,,,,,,,,
BOBCAT,S450,2018,,Kubota V2607,B3CA11001,B3CA19999,2900,,2615.0,,,,,,,,,,,,,,,,,,,,,,,,,,,,,,
BOBCAT,S510,2018,,Kubota V2607,B3CA21001,B3CA29999,3100,,2615.0,,,,,,,,,,,,,,,,,,,,,,,,,,,,,,
BOBCAT,S530,2018,,Kubota V3307,B3CA31001,B3CA39999,3300,,3331.0,,,,,,,,,,,,,,,,,,,,,,,,,,,,,,
BOBCAT,S550,2018,,Kubota V3307,B3CA41001,B3CA49999,3500,,3331.0,,,,,,,,,,,,,,,,,,,,,,,,,,,,,,
BOBCAT,S570,2018,,Kubota V3307,B3CA51001,B3CA59999,3700,,3331.0,,,,,,,,,,,,,,,,,,,,,,,,,,,,,,
BOBCAT,S590,2018,,Kubota V3800,B3CA61001,B3CA69999,3900,,3769.0,,,,,,,,,,,,,,,,,,,,,,,,,,,,,,
BOBCAT,S595,2020,,Kubota V3800,B3CA71001,B3CA79999,4000,,3769.0,,,,,,,,,,,,,,,,,,,,,,,,,,,,,,
BOBCAT,S630,2018,,Kubota V3800,B3CA81001,B3CA89999,4200,,3769.0,,,,,,,,,,,,,,,,,,,,,,,,,,,,,,
BOBCAT,S650,2018,,Kubota V3800,B3CA91001,B3CA99999,4400,,3769.0,,,,,,,,,,,,,,,,,,,,,,,,,,,,,,
BOBCAT,S70,2015,,Kubota D722,A3NP11001,A3NP19999,1300,,719.0,,,,,,,,,,,,,,,,,,,,,,,,,,,,,,
BOBCAT,S740,2018,,Bobcat D24,B3CB11001,B3CB19999,4700,,2400.0,,,,,,,,,,,,,,,,,,,,,,,,,,,,,,
BOBCAT,S750,2018,,Bobcat D24,B3CB21001,B3CB29999,4900,,2400.0,,,,,,,,,,,,,,,,,,,,,,,,,,,,,,
BOBCAT,S770,2018,,Bobcat D24,B3CB31001,B3CB39999,5100,,2400.0,,,,,,,,,,,,,,,,,,,,,,,,,,,,,,
BOBCAT,S850,2018,,Bobcat D34,B3CB41001,B3CB49999,5500,,3400.0,,,,,,,,,,,,,,,,,,,,,,,,,,,,,,
BOBCAT,T450,2018,,Kubota V2607,B3CC11001,B3CC19999,3200,,2615.0,,,,,,,,,,,,,,,,,,,,,,,,,,,,,,
BOBCAT,T550,2018,,Kubota V3307,B3CC21001,B3CC29999,3800,,3331.0,,,,,,,,,,,,,,,,,,,,,,,,,,,,,,
BOBCAT,T590,2018,,Kubota V3800,B3CC31001,B3CC39999,4200,,3769.0,,,,,,,,,,,,,,,,,,,,,,,,,,,,,,
BOBCAT,T595,2020,,Kubota V3800,B3CC41001,B3CC49999,4300,,3769.0,,,,,,,,,,,,,,,,,,,,,,,,,,,,,,
BOBCAT,T630,2018,,Kubota V3800,B3CC51001,B3CC59999,4500,,3769.0,,,,,,,,,,,,,,,,,,,,,,,,,,,,,,
BOBCAT,T650,2018,,Kubota V3800,B3CC61001,B3CC69999,4700,,3769.0,,,,,,,,,,,,,,,,,,,,,,,,,,,,,,
BOBCAT,T740,2018,,Bobcat D24,B3CC71001,B3CC79999,5000,,2400.0,,,,,,,,,,,,,,,,,,,,,,,,,,,,,,
BOBCAT,T750,2018,,Bobcat D24,B3CC81001,B3CC89999,5200,,2400.0,,,,,,,,,,,,,,,,,,,,,,,,,,,,,,
BOBCAT,T770,2018,,Bobcat D24,B3CC91001,B3CC99999,5400,,2400.0,,,,,,,,,,,,,,,,,,,,,,,,,,,,,,
BOBCAT,T870,2018,,Bobcat D34,B3CD11001,B3CD19999,5800,,3400.0,,,,,,,,,,,,,,,,,,,,,,,,,,,,,,
BOBCAT,TL30.60,2018,,Deutz TCD3.6,B3TL30A001,B3TL30A999,5500,,3600.0,,,,,,,,,,,,,,,,,,,,,,,,,,,,,,
BOBCAT,TL30.70,2018,,Deutz TCD3.6,B3TL30B001,B3TL30B999,6000,,3600.0,,,,,,,,,,,,,,,,,,,,,,,,,,,,,,
BOBCAT,TL35.70,2018,,Deutz TCD3.6,B3TL35A001,B3TL35A999,6500,,3600.0,,,,,,,,,,,,,,,,,,,,,,,,,,,,,,
BOBCAT,TL38.70HF,2018,,Deutz TCD3.6,B3TL38A001,B3TL38A999,7000,,3600.0,,,,,,,,,,,,,,,,,,,,,,,,,,,,,,
BOBCAT,TL43.80HF,2018,,Deutz TCD3.6,B3TL43A001,B3TL43A999,8000,,3600.0,,,,,,,,,,,,,,,,,,,,,,,,,,,,,,
BOBCAT,V417,2015,,Kubota V3800,B3V417A001,B3V417A999,4500,,3769.0,,,,,,,,,,,,,,,,,,,,,,,,,,,,,,
BOBCAT,V519,2015,,Kubota V3800,B3V519A001,B3V519A999,5000,,3769.0,,,,,,,,,,,,,,,,,,,,,,,,,,,,,,
BOBCAT,V723,2015,,Bobcat D24,B3V723A001,B3V723A999,5500,,2400.0,,,,,,,,,,,,,,,,,,,,,,,,,,,,,,
CASE,1021G,2018,,FPT C13,NCW1021GA1,NCW1021GA9,32500,,12900.0,,,,,,,,,,,,,,,,,,,,,,,,,,,,,,
CASE,1121G,2018,,FPT C13,NCW1121GA1,NCW1121GA9,38500,,12900.0,,,,,,,,,,,,,,,,,,,,,,,,,,,,,,
CASE,121G,2018,,FPT F34,NCW121GA01,NCW121GA99,6500,,3400.0,,,,,,,,,,,,,,,,,,,,,,,,,,,,,,
CASE,1221G,2018,,FPT C16,NCW1221GA1,NCW1221GA9,48500,,15900.0,,,,,,,,,,,,,,,,,,,,,,,,,,,,,,
CASE,21G,2018,,FPT F34,NCW21GA001,NCW21GA999,5500,,3400.0,,,,,,,,,,,,,,,,,,,,,,,,,,,,,,
CASE,221G,2018,,FPT F4HE,NCW221GA01,NCW221GA99,8500,,4500.0,,,,,,,,,,,,,,,,,,,,,,,,,,,,,,
CASE,321G,2018,,FPT F4HE,NCW321GA01,NCW321GA99,10500,,4500.0,,,,,,,,,,,,,,,,,,,,,,,,,,,,,,
CASE,521G,2018,,FPT F4HE,NCW521GA01,NCW521GA99,13500,,4500.0,,,,,,,,,,,,,,,,,,,,,,,,,,,,,,
CASE,580N,2015,,FPT F4HE,NCB580NA01,NCB580NA99,7500,,4500.0,,,,,,,,,,,,,,,,,,,,,,,,,,,,,,
CASE,580SN,2015,,FPT F4HE,NCB580SA01,NCB580SA99,8000,,4500.0,,,,,,,,,,,,,,,,,,,,,,,,,,,,,,
CASE,580ST,2018,,FPT F4HE,NCB580TA01,NCB580TA99,8500,,4500.0,,,,,,,,,,,,,,,,,,,,,,,,,,,,,,
CASE,590SN,2015,,FPT F4HE,NCB590SA01,NCB590SA99,9000,,4500.0,,,,,,,,,,,,,,,,,,,,,,,,,,,,,,
CASE,590ST,2018,,FPT F4HE,NCB590TA01,NCB590TA99,9500,,4500.0,,,,,,,,,,,,,,,,,,,,,,,,,,,,,,
CASE,621G,2018,,FPT C87,NCW621GA01,NCW621GA99,16500,,8700.0,,,,,,,,,,,,,,,,,,,,,,,,,,,,,,
CASE,695SN,2015,,FPT F4HE,NCB695SA01,NCB695SA99,10000,,4500.0,,,,,,,,,,,,,,,,,,,,,,,,,,,,,,
CASE,695ST,2018,,FPT F4HE,NCB695TA01,NCB695TA99,10500,,4500.0,,,,,,,,,,,,,,,,,,,,,,,,,,,,,,
CASE,721G,2018,,FPT C87,NCW721GA01,NCW721GA99,19500,,8700.0,,,,,,,,,,,,,,,,,,,,,,,,,,,,,,
CASE,821G,2018,,FPT C87,NCW821GA01,NCW821GA99,22500,,8700.0,,,,,,,,,,,,,,,,,,,,,,,,,,,,,,
CASE,921G,2018,,FPT C13,NCW921GA01,NCW921GA99,27500,,12900.0,,,,,,,,,,,,,,,,,,,,,,,,,,,,,,
CASE,CX130D,2018,,FPT F34,NCECX130A1,NCECX130A9,13500,,3400.0,,,,,,,,,,,,,,,,,,,,,,,,,,,,,,
CASE,CX145D SR,2018,,FPT F34,NCECX145A1,NCECX145A9,14500,,3400.0,,,,,,,,,,,,,,,,,,,,,,,,,,,,,,
CASE,CX160D,2018,,FPT F34,NCECX160A1,NCECX160A9,16500,,3400.0,,,,,,,,,,,,,,,,,,,,,,,,,,,,,,
CASE,CX17C,2018,,Yanmar 3TNV70,NCECX17A01,NCECX17A99,1700,,854.0,,,,,,,,,,,,,,,,,,,,,,,,,,,,,,
CASE,CX210D,2018,,FPT F4HFE613S,NCECX210A1,NCECX210A9,21500,,6700.0,,,,,,,,,,,,,,,,,,,,,,,,,,,,,,
CASE,CX220D,2018,,FPT F4HFE613S,NCECX220A1,NCECX220A9,22500,,6700.0,,,,,,,,,,,,,,,,,,,,,,,,,,,,,,
CASE,CX245D SR,2018,,FPT F4HFE613S,NCECX245A1,NCECX245A9,24500,,6700.0,,,,,,,,,,,,,,,,,,,,,,,,,,,,,,
CASE,CX250D,2018,,FPT F4HFE613S,NCECX250A1,NCECX250A9,25500,,6700.0,,,,,,,,,,,,,,,,,,,,,,,,,,,,,,
CASE,CX26C,2018,,Yanmar 3TNV82A,NCECX26A01,NCECX26A99,2700,,1331.0,,,,,,,,,,,,,,,,,,,,,,,,,,,,,,
CASE,CX300D,2018,,FPT F4HFE613T,NCECX300A1,NCECX300A9,30500,,6700.0,,,,,,,,,,,,,,,,,,,,,,,,,,,,,,
CASE,CX33C,2018,,Yanmar 3TNV88F,NCECX33A01,NCECX33A99,3400,,1642.0,,,,,,,,,,,,,,,,,,,,,,,,,,,,,,
CASE,CX350D,2018,,FPT F4HFE613T,NCECX350A1,NCECX350A9,35500,,6700.0,,,,,,,,,,,,,,,,,,,,,,,,,,,,,,
CASE,CX370D,2018,,FPT F4HFE613T,NCECX370A1,NCECX370A9,37500,,6700.0,,,,,,,,,,,,,,,,,,,,,,,,,,,,,,
CASE,CX37C,2018,,Yanmar 3TNV88F,NCECX37A01,NCECX37A99,3800,,1642.0,,,,,,,,,,,,,,,,,,,,,,,,,,,,,,
CASE,CX490D,2018,,FPT Cursor 9,NCECX490A1,NCECX490A9,49500,,8700.0,,,,,,,,,,,,,,,,,,,,,,,,,,,,,,
CASE,CX500D,2018,,FPT Cursor 9,NCECX500A1,NCECX500A9,50500,,8700.0,,,,,,,,,,,,,,,,,,,,,,,,,,,,,,
CASE,CX57C,2018,,Yanmar 4TNV98,NCECX57A01,NCECX57A99,5700,,3319.0,,,,,,,,,,,,,,,,,,,,,,,,,,,,,,
CASE,CX750D,2018,,FPT Cursor 13,NCECX750A1,NCECX750A9,75000,,12900.0,,,,,,,,,,,,,,,,,,,,,,,,,,,,,,
CASE,CX75C SR,2018,,FPT F34,NCECX75A01,NCECX75A99,7500,,3400.0,,,,,,,,,,,,,,,,,,,,,,,,,,,,,,
CASE,CX800B,2015,,Isuzu 6WG1X,NCECX800A1,NCECX800A9,80000,,15681.0,,,,,,,,,,,,,,,,,,,,,,,,,,,,,,
CATERPILLAR,301.7,2014,,Cat C1.1,LJ300001,LJ399999,1750,,1100.0,,,,,,,,,,,,,,,,,,,,,,,,,,,,,,
CATERPILLAR,302 CR,2018,,Cat C1.1,LJ500001,LJ599999,2650,,1100.0,,,,,,,,,,,,,,,,,,,,,,,,,,,,,,
CATERPILLAR,303 CR,2018,,Cat C1.7,LJ700001,LJ799999,3500,,1700.0,,,,,,,,,,,,,,,,,,,,,,,,,,,,,,
CATERPILLAR,303.5 CR,2019,,Cat C1.7,LJ800001,LJ899999,3800,,1700.0,,,,,,,,,,,,,,,,,,,,,,,,,,,,,,
CATERPILLAR,304 CR,2018,,Cat C2.4,CR400001,CR499999,4500,,2400.0,,,,,,,,,,,,,,,,,,,,,,,,,,,,,,
CATERPILLAR,305 CR,2018,,Cat C2.4,CR500001,CR599999,5400,,2400.0,,,,,,,,,,,,,,,,,,,,,,,,,,,,,,
CATERPILLAR,306 CR,2019,,Cat C2.4,CR600001,CR699999,6200,,2400.0,,,,,,,,,,,,,,,,,,,,,,,,,,,,,,
CATERPILLAR,308 CR,2018,,Cat C3.3,CR800001,CR899999,8500,,3300.0,,,,,,,,,,,,,,,,,,,,,,,,,,,,,,
CATERPILLAR,309 CR,2019,,Cat C3.3,CR900001,CR999999,9200,,3300.0,,,,,,,,,,,,,,,,,,,,,,,,,,,,,,
CATERPILLAR,310,2020,,Cat C3.3,ZCT00001,ZCT99999,10500,,3300.0,,,,,,,,,,,,,,,,,,,,,,,,,,,,,,
CATERPILLAR,313,2020,,Cat C3.6,ZCE00001,ZCE99999,14000,,3600.0,,,,,,,,,,,,,,,,,,,,,,,,,,,,,,
CATERPILLAR,315,2020,,Cat C3.6,ZCF00001,ZCF99999,16000,,3600.0,,,,,,,,,,,,,,,,,,,,,,,,,,,,,,
CATERPILLAR,317,2021,,Cat C4.4,ZCG00001,ZCG99999,18000,,4400.0,,,,,,,,,,,,,,,,,,,,,,,,,,,,,,
CATERPILLAR,320,2017,,Cat C4.4,ZBH00001,ZBH99999,21000,,4400.0,,,,,,,,,,,,,,,,,,,,,,,,,,,,,,
CATERPILLAR,320D,2007,2012.0,Cat C6.4,BYC00001,BYC99999,20400,,6400.0,,,,,,,,,,,,,,,,,,,,,,,,,,,,,,
CATERPILLAR,320D2,2014,2017.0,Cat C4.4,TFX00001,TFX99999,20500,,4400.0,,,,,,,,,,,,,,,,,,,,,,,,,,,,,,
CATERPILLAR,320E,2012,2017.0,Cat C6.4,KGF00001,KGF99999,20800,,6400.0,,,,,,,,,,,,,,,,,,,,,,,,,,,,,,
CATERPILLAR,323,2017,,Cat C4.4,ZBJ00001,ZBJ99999,23500,,4400.0,,,,,,,,,,,,,,,,,,,,,,,,,,,,,,
CATERPILLAR,325,2019,,Cat C7.1,ZBK00001,ZBK99999,25000,,7010.0,,,,,,,,,,,,,,,,,,,,,,,,,,,,,,
CATERPILLAR,326,2020,,Cat C7.1,ZBL00001,ZBL99999,26500,,7010.0,,,,,,,,,,,,,,,,,,,,,,,,,,,,,,
CATERPILLAR,330,2017,,Cat C7.1,ZBM00001,ZBM99999,30000,,7010.0,,,,,,,,,,,,,,,,,,,,,,,,,,,,,,
CATERPILLAR,330D,2007,2012.0,Cat C9,DKY00001,DKY99999,29500,,8800.0,,,,,,,,,,,,,,,,,,,,,,,,,,,,,,
CATERPILLAR,336,2017,,Cat C9.3,ZBN00001,ZBN99999,36000,,9300.0,,,,,,,,,,,,,,,,,,,,,,,,,,,,,,
CATERPILLAR,336D,2007,2012.0,Cat C9,M4T00001,M4T99999,35500,,8800.0,,,,,,,,,,,,,,,,,,,,,,,,,,,,,,
CATERPILLAR,340,2019,,Cat C9.3,ZBP00001,ZBP99999,40000,,9300.0,,,,,,,,,,,,,,,,,,,,,,,,,,,,,,
CATERPILLAR,349,2017,,Cat C13,ZBR00001,ZBR99999,49000,,12500.0,,,,,,,,,,,,,,,,,,,,,,,,,,,,,,
CATERPILLAR,349D,2007,2012.0,Cat C13,JHF00001,JHF99999,48500,,12500.0,,,,,,,,,,,,,,,,,,,,,,,,,,,,,,
CATERPILLAR,352,2019,,Cat C13,ZBS00001,ZBS99999,52000,,12500.0,,,,,,,,,,,,,,,,,,,,,,,,,,,,,,
CATERPILLAR,374,2017,,Cat C15,ZBT00001,ZBT99999,74000,,15200.0,,,,,,,,,,,,,,,,,,,,,,,,,,,,,,
CATERPILLAR,390,2019,,Cat C18,ZBU00001,ZBU99999,90000,,18100.0,,,,,,,,,,,,,,,,,,,,,,,,,,,,,,
CATERPILLAR,906M,2015,,Cat C3.3,H9M00001,H9M99999,5500,,3300.0,,,,,,,,,,,,,,,,,,,,,,,,,,,,,,
CATERPILLAR,908M,2015,,Cat C3.3,H9N00001,H9N99999,6500,,3300.0,,,,,,,,,,,,,,,,,,,,,,,,,,,,,,
CATERPILLAR,910M,2015,,Cat C4.4,H9P00001,H9P99999,7500,,4400.0,,,,,,,,,,,,,,,,,,,,,,,,,,,,,,
CATERPILLAR,914M,2015,,Cat C4.4,H9R00001,H9R99999,8500,,4400.0,,,,,,,,,,,,,,,,,,,,,,,,,,,,,,
CATERPILLAR,918M,2016,,Cat C4.4,H9S00001,H9S99999,10000,,4400.0,,,,,,,,,,,,,,,,,,,,,,,,,,,,,,
CATERPILLAR,926M,2014,,Cat C7.1,JRF00001,JRF99999,12500,,7010.0,,,,,,,,,,,,,,,,,,,,,,,,,,,,,,
CATERPILLAR,930M,2014,,Cat C7.1,JRG00001,JRG99999,14000,,7010.0,,,,,,,,,,,,,,,,,,,,,,,,,,,,,,
CATERPILLAR,938M,2014,,Cat C7.1,JRH00001,JRH99999,16000,,7010.0,,,,,,,,,,,,,,,,,,,,,,,,,,,,,,
CATERPILLAR,950H,2005,2015.0,Cat C7,R4A00001,R4A99999,18000,,7200.0,,,,,,,,,,,,,,,,,,,,,,,,,,,,,,
CATERPILLAR,950M,2014,,Cat C7.1,JRJ00001,JRJ99999,18500,,7010.0,,,,,,,,,,,,,,,,,,,,,,,,,,,,,,
CATERPILLAR,962M,2014,,Cat C9.3,JRK00001,JRK99999,21000,,9300.0,,,,,,,,,,,,,,,,,,,,,,,,,,,,,,
CATERPILLAR,966H,2005,2015.0,Cat C11,A6D00001,A6D99999,23500,,11100.0,,,,,,,,,,,,,,,,,,,,,,,,,,,,,,
CATERPILLAR,966M,2014,,Cat C9.3,JRL00001,JRL99999,24000,,9300.0,,,,,,,,,,,,,,,,,,,,,,,,,,,,,,
CATERPILLAR,972M,2014,,Cat C13,JRM00001,JRM99999,27000,,12500.0,,,,,,,,,,,,,,,,,,,,,,,,,,,,,,
CATERPILLAR,980H,2005,2015.0,Cat C15,KBK00001,KBK99999,32000,,15200.0,,,,,,,,,,,,,,,,,,,,,,,,,,,,,,
CATERPILLAR,980M,2014,,Cat C13,JRN00001,JRN99999,33000,,12500.0,,,,,,,,,,,,,,,,,,,,,,,,,,,,,,
CATERPILLAR,982M,2016,,Cat C15,JRP00001,JRP99999,36000,,15200.0,,,,,,,,,,,,,,,,,,,,,,,,,,,,,,
CATERPILLAR,988K,2015,,Cat C18,LHZ00001,LHZ99999,50000,,18100.0,,,,,,,,,,,,,,,,,,,,,,,,,,,,,,
CATERPILLAR,990K,2015,,Cat C27,DPL00001,DPL99999,75000,,27000.0,,,,,,,,,,,,,,,,,,,,,,,,,,,,,,
CATERPILLAR,992K,2015,,Cat C32,AXC00001,AXC99999,100000,,32100.0,,,,,,,,,,,,,,,,,,,,,,,,,,,,,,
CATERPILLAR,D10T2,2015,,Cat C27,RJT00001,RJT99999,66000,,27000.0,,,,,,,,,,,,,,,,,,,,,,,,,,,,,,
CATERPILLAR,D11,2019,,Cat C32,WGE00001,WGE99999,105000,,32100.0,,,,,,,,,,,,,,,,,,,,,,,,,,,,,,
CATERPILLAR,D3K2,2014,,Cat C4.4,LGT00001,LGT99999,8000,,4400.0,,,,,,,,,,,,,,,,,,,,,,,,,,,,,,
CATERPILLAR,D4K2,2014,,Cat C4.4,LGU00001,LGU99999,9500,,4400.0,,,,,,,,,,,,,,,,,,,,,,,,,,,,,,
CATERPILLAR,D5,2019,,Cat C7.1,KPZ00001,KPZ99999,14500,,7010.0,,,,,,,,,,,,,,,,,,,,,,,,,,,,,,
CATERPILLAR,D5K2,2014,,Cat C4.4,LGV00001,LGV99999,11000,,4400.0,,,,,,,,,,,,,,,,,,,,,,,,,,,,,,
CATERPILLAR,D6,2019,,Cat C9.3,WGB00001,WGB99999,20000,,9300.0,,,,,,,,,,,,,,,,,,,,,,,,,,,,,,
CATERPILLAR,D6K2,2014,,Cat C7.1,LGW00001,LGW99999,13500,,7010.0,,,,,,,,,,,,,,,,,,,,,,,,,,,,,,
CATERPILLAR,D6T,2005,2019.0,Cat C9.3,SMC00001,SMC99999,19500,,9300.0,,,,,,,,,,,,,,,,,,,,,,,,,,,,,,
CATERPILLAR,D7,2019,,Cat C9.3,WGC00001,WGC99999,28000,,9300.0,,,,,,,,,,,,,,,,,,,,,,,,,,,,,,
CATERPILLAR,D7E,2009,2019.0,Cat C9.3,MYW00001,MYW99999,27000,,9300.0,,,,,,,,,,,,,,,,,,,,,,,,,,,,,,
CATERPILLAR,D8,2019,,Cat C15,WGD00001,WGD99999,39000,,15200.0,,,,,,,,,,,,,,,,,,,,,,,,,,,,,,
CATERPILLAR,D8T,2005,2019.0,Cat C15,J8B00001,J8B99999,38000,,15200.0,,,,,,,,,,,,,,,,,,,,,,,,,,,,,,
CATERPILLAR,D9T,2005,,Cat C18,RJS00001,RJS99999,49000,,18100.0,,,,,,,,,,,,,,,,,,,,,,,,,,,,,,
DEVELON,DL200-7,2022,,Develon DL06P,DVWLA00001,DVWLA09999,11200,,5890.0,,,,,,,,,,,,,,,,,,,,,,,,,,,,,,
DEVELON,DL250-7,2022,,Develon DL06P,DVWLB00001,DVWLB09999,14200,,5890.0,,,,,,,,,,,,,,,,,,,,,,,,,,,,,,
DEVELON,DL300-7,2022,,Develon DL08P,DVWLC00001,DVWLC09999,17700,,7640.0,,,,,,,,,,,,,,,,,,,,,,,,,,,,,,
DEVELON,DL350-7,2022,,Develon DL08P,DVWLD00001,DVWLD09999,20200,,7640.0,,,,,,,,,,,,,,,,,,,,,,,,,,,,,,
DEVELON,DL420-7,2022,,Scania DC09,DVWLE00001,DVWLE09999,24200,,9300.0,,,,,,,,,,,,,,,,,,,,,,,,,,,,,,
DEVELON,DL450-7,2022,,Scania DC09,DVWLF00001,DVWLF09999,27200,,9300.0,,,,,,,,,,,,,,,,,,,,,,,,,,,,,,
DEVELON,DL550-7,2022,,Scania DC13,DVWLG00001,DVWLG05000,33200,,12700.0,,,,,,,,,,,,,,,,,,,,,,,,,,,,,,
DEVELON,DX140LC-7,2022,,Develon DL06P,DVCEJ00001,DVCEJ09999,14700,,5890.0,,,,,,,,,,,,,,,,,,,,,,,,,,,,,,
DEVELON,DX165W-7,2022,,Develon DL06P,DVCEK00001,DVCEK09999,17200,,5890.0,,,,,,,,,,,,,,,,,,,,,,,,,,,,,,
DEVELON,DX17Z-7,2022,,Yanmar 3TNV70,DVCEA00001,DVCEA09999,1750,,854.0,,,,,,,,,,,,,,,,,,,,,,,,,,,,,,
DEVELON,DX180LC-7,2022,,Develon DL06P,DVCEL00001,DVCEL09999,18700,,5890.0,,,,,,,,,,,,,,,,,,,,,,,,,,,,,,
DEVELON,DX19-7,2022,,Yanmar 3TNV76,DVCEB00001,DVCEB09999,1950,,1116.0,,,,,,,,,,,,,,,,,,,,,,,,,,,,,,
DEVELON,DX225LC-7,2022,,Develon DL06P,DVCEM00001,DVCEM09999,23200,,5890.0,,,,,,,,,,,,,,,,,,,,,,,,,,,,,,
DEVELON,DX255LC-7,2022,,Develon DL08P,DVCEN00001,DVCEN09999,26200,,7640.0,,,,,,,,,,,,,,,,,,,,,,,,,,,,,,
DEVELON,DX27Z-7,2022,,Yanmar 3TNV80F,DVCEC00001,DVCEC09999,2850,,1266.0,,,,,,,,,,,,,,,,,,,,,,,,,,,,,,
DEVELON,DX300LC-7,2022,,Develon DL08P,DVCEP00001,DVCEP09999,30700,,7640.0,,,,,,,,,,,,,,,,,,,,,,,,,,,,,,
DEVELON,DX340LC-7,2022,,Develon DL08P,DVCER00001,DVCER09999,34700,,7640.0,,,,,,,,,,,,,,,,,,,,,,,,,,,,,,
DEVELON,DX35Z-7,2022,,Yanmar 3TNV88F,DVCED00001,DVCED09999,3650,,1642.0,,,,,,,,,,,,,,,,,,,,,,,,,,,,,,
DEVELON,DX380LC-7,2022,,Scania DC09,DVCES00001,DVCES09999,38700,,9300.0,,,,,,,,,,,,,,,,,,,,,,,,,,,,,,
DEVELON,DX420LC-7,2022,,Scania DC09,DVCET00001,DVCET09999,42700,,9300.0,,,,,,,,,,,,,,,,,,,,,,,,,,,,,,
DEVELON,DX490LC-7,2022,,Scania DC13,DVCEU00001,DVCEU09999,49700,,12700.0,,,,,,,,,,,,,,,,,,,,,,,,,,,,,,
DEVELON,DX50Z-7,2022,,Yanmar 4TNV98,DVCEE00001,DVCEE09999,5150,,3319.0,,,,,,,,,,,,,,,,,,,,,,,,,,,,,,
DEVELON,DX520LC-7,2022,,Scania DC13,DVCEV00001,DVCEV09999,52700,,12700.0,,,,,,,,,,,,,,,,,,,,,,,,,,,,,,
DEVELON,DX55-7,2022,,Yanmar 4TNV98,DVCEF00001,DVCEF09999,5650,,3319.0,,,,,,,,,,,,,,,,,,,,,,,,,,,,,,
DEVELON,DX62R-7,2022,,Yanmar 4TNV98,DVCEG00001,DVCEG09999,6350,,3319.0,,,,,,,,,,,,,,,,,,,,,,,,,,,,,,
DEVELON,DX800LC-7,2022,,Scania DC16,DVCEW00001,DVCEW05000,80500,,16400.0,,,,,,,,,,,,,,,,,,,,,,,,,,,,,,
DEVELON,DX85R-7,2022,,Develon D24,DVCEH00001,DVCEH09999,8700,,2400.0,,,,,,,,,,,,,,,,,,,,,,,,,,,,,,
DOOSAN,DL200-5,2015,,Doosan DL06,DHWLA00001,DHWLA09999,11000,,5890.0,,,,,,,,,,,,,,,,,,,,,,,,,,,,,,
DOOSAN,DL250-5,2015,,Doosan DL06,DHWLB00001,DHWLB09999,14000,,5890.0,,,,,,,,,,,,,,,,,,,,,,,,,,,,,,
DOOSAN,DL300-5,2015,,Doosan DL08,DHWLC00001,DHWLC09999,17500,,7640.0,,,,,,,,,,,,,,,,,,,,,,,,,,,,,,
DOOSAN,DL350-5,2015,,Doosan DL08,DHWLD00001,DHWLD09999,20000,,7640.0,,,,,,,,,,,,,,,,,,,,,,,,,,,,,,
DOOSAN,DL420-5,2015,,Scania DC09,DHWLE00001,DHWLE09999,24000,,9300.0,,,,,,,,,,,,,,,,,,,,,,,,,,,,,,
DOOSAN,DL450-5,2015,,Scania DC09,DHWLF00001,DHWLF09999,27000,,9300.0,,,,,,,,,,,,,,,,,,,,,,,,,,,,,,
DOOSAN,DL550-5,2015,,Scania DC13,DHWLG00001,DHWLG05000,33000,,12700.0,,,,,,,,,,,,,,,,,,,,,,,,,,,,,,
DOOSAN,DX140LC-7,2020,,Doosan DL06P,DHKCEK0001,DHKCEK9999,14500,,5890.0,,,,,,,,,,,,,,,,,,,,,,,,,,,,,,
DOOSAN,DX165W-7,2020,,Doosan DL06P,DHKCEL0001,DHKCEL9999,17000,,5890.0,,,,,,,,,,,,,,,,,,,,,,,,,,,,,,
DOOSAN,DX17Z,2018,,Yanmar 3TNV70,DHKCEA0001,DHKCEA9999,1700,,854.0,,,,,,,,,,,,,,,,,,,,,,,,,,,,,,
DOOSAN,DX180LC-7,2020,,Doosan DL06P,DHKCEM0001,DHKCEM9999,18500,,5890.0,,,,,,,,,,,,,,,,,,,,,,,,,,,,,,
DOOSAN,DX19,2018,,Yanmar 3TNV76,DHKCEB0001,DHKCEB9999,1900,,1116.0,,,,,,,,,,,,,,,,,,,,,,,,,,,,,,
DOOSAN,DX225-5,2015,2020.0,Doosan DL06,DHKCEP0001,DHKCEP9999,22500,,5890.0,,,,,,,,,,,,,,,,,,,,,,,,,,,,,,
DOOSAN,DX225LC-7,2020,,Doosan DL06P,DHKCEN0001,DHKCEN9999,23000,,5890.0,,,,,,,,,,,,,,,,,,,,,,,,,,,,,,
DOOSAN,DX255LC-7,2020,,Doosan DL08P,DHKCER0001,DHKCER9999,26000,,7640.0,,,,,,,,,,,,,,,,,,,,,,,,,,,,,,
DOOSAN,DX27Z,2018,,Yanmar 3TNV82A,DHKCEC0001,DHKCEC9999,2800,,1331.0,,,,,,,,,,,,,,,,,,,,,,,,,,,,,,
DOOSAN,DX300-5,2015,2020.0,Doosan DL08,DHKCET0001,DHKCET9999,30000,,7640.0,,,,,,,,,,,,,,,,,,,,,,,,,,,,,,
DOOSAN,DX300LC-7,2020,,Doosan DL08P,DHKCES0001,DHKCES9999,30500,,7640.0,,,,,,,,,,,,,,,,,,,,,,,,,,,,,,
DOOSAN,DX340-5,2015,2020.0,Doosan DL08,DHKCEV0001,DHKCEV9999,34000,,7640.0,,,,,,,,,,,,,,,,,,,,,,,,,,,,,,
DOOSAN,DX340LC-7,2020,,Doosan DL08P,DHKCEU0001,DHKCEU9999,34500,,7640.0,,,,,,,,,,,,,,,,,,,,,,,,,,,,,,
DOOSAN,DX35Z,2018,,Yanmar 3TNV88F,DHKCED0001,DHKCED9999,3600,,1642.0,,,,,,,,,,,,,,,,,,,,,,,,,,,,,,
DOOSAN,DX380LC-7,2020,,Scania DC09,DHKCEW0001,DHKCEW9999,38500,,9300.0,,,,,,,,,,,,,,,,,,,,,,,,,,,,,,
DOOSAN,DX420-5,2015,2020.0,Scania DC09,DHKCEY0001,DHKCEY9999,42000,,9300.0,,,,,,,,,,,,,,,,,,,,,,,,,,,,,,
DOOSAN,DX420LC-7,2020,,Scania DC09,DHKCEX0001,DHKCEX9999,42500,,9300.0,,,,,,,,,,,,,,,,,,,,,,,,,,,,,,
DOOSAN,DX42-5,2018,,Yanmar 4TNV88,DHKCEE0001,DHKCEE9999,4300,,2190.0,,,,,,,,,,,,,,,,,,,,,,,,,,,,,,
DOOSAN,DX490LC-7,2020,,Scania DC13,DHKCEZ0001,DHKCEZ9999,49500,,12700.0,,,,,,,,,,,,,,,,,,,,,,,,,,,,,,
DOOSAN,DX50Z-7,2020,,Yanmar 4TNV98,DHKCEF0001,DHKCEF9999,5100,,3319.0,,,,,,,,,,,,,,,,,,,,,,,,,,,,,,
DOOSAN,DX520-5,2015,2020.0,Scania DC13,DHKCFB0001,DHKCFB9999,52000,,12700.0,,,,,,,,,,,,,,,,,,,,,,,,,,,,,,
DOOSAN,DX520LC-7,2020,,Scania DC13,DHKCFA0001,DHKCFA9999,52500,,12700.0,,,,,,,,,,,,,,,,,,,,,,,,,,,,,,
DOOSAN,DX55-7,2020,,Yanmar 4TNV98,DHKCEG0001,DHKCEG9999,5600,,3319.0,,,,,,,,,,,,,,,,,,,,,,,,,,,,,,
DOOSAN,DX62R-7,2020,,Yanmar 4TNV98,DHKCEH0001,DHKCEH9999,6300,,3319.0,,,,,,,,,,,,,,,,,,,,,,,,,,,,,,
DOOSAN,DX800LC-7,2020,,Scania DC16,DHKCFC0001,DHKCFC5000,80000,,16400.0,,,,,,,,,,,,,,,,,,,,,,,,,,,,,,
DOOSAN,DX85R-7,2020,,Doosan D24,DHKCEJ0001,DHKCEJ9999,8600,,2400.0,,,,,,,,,,,,,,,,,,,,,,,,,,,,,,
FIAT-HITACHI,EX135,1995,2005.0,Fiat-Iveco 8045,FHEX135A01,FHEX135A99,14000,,3900.0,,,,,,,,,,,,,,,,,,,,,,,,,,,,,,
FIAT-HITACHI,EX165,1995,2005.0,Fiat-Iveco 8065,FHEX165A01,FHEX165A99,17000,,5900.0,,,,,,,,,,,,,,,,,,,,,,,,,,,,,,
FIAT-HITACHI,EX215,1995,2005.0,Fiat-Iveco 8065,FHEX215A01,FHEX215A99,22000,,5900.0,,,,,,,,,,,,,,,,,,,,,,,,,,,,,,
FIAT-HITACHI,EX255,1995,2005.0,Fiat-Iveco 8210,FHEX255A01,FHEX255A99,26000,,13800.0,,,,,,,,,,,,,,,,,,,,,,,,,,,,,,
FIAT-HITACHI,EX285,1995,2005.0,Fiat-Iveco 8210,FHEX285A01,FHEX285A99,29000,,13800.0,,,,,,,,,,,,,,,,,,,,,,,,,,,,,,
FIAT-HITACHI,EX355,1995,2005.0,Fiat-Iveco 8210,FHEX355A01,FHEX355A99,36000,,13800.0,,,,,,,,,,,,,,,,,,,,,,,,,,,,,,
FIAT-HITACHI,EX455,1995,2005.0,Fiat-Iveco 8280,FHEX455A01,FHEX455A99,46000,,17200.0,,,,,,,,,,,,,,,,,,,,,,,,,,,,,,
FIAT-HITACHI,FH130,2000,2005.0,Iveco NEF,FHFH130A01,FHFH130A99,13500,,4500.0,,,,,,,,,,,,,,,,,,,,,,,,,,,,,,
FIAT-HITACHI,FH150,2000,2005.0,Iveco NEF,FHFH150A01,FHFH150A99,15500,,4500.0,,,,,,,,,,,,,,,,,,,,,,,,,,,,,,
FIAT-HITACHI,FH200,2000,2005.0,Iveco NEF,FHFH200A01,FHFH200A99,20500,,4500.0,,,,,,,,,,,,,,,,,,,,,,,,,,,,,,
FIAT-HITACHI,FH220,2000,2005.0,Iveco Cursor,FHFH220A01,FHFH220A99,22500,,7800.0,,,,,,,,,,,,,,,,,,,,,,,,,,,,,,
FIAT-HITACHI,FH270,2000,2005.0,Iveco Cursor,FHFH270A01,FHFH270A99,27500,,7800.0,,,,,,,,,,,,,,,,,,,,,,,,,,,,,,
FIAT-HITACHI,FH300,2000,2005.0,Iveco Cursor,FHFH300A01,FHFH300A99,30500,,10300.0,,,,,,,,,,,,,,,,,,,,,,,,,,,,,,
FIAT-HITACHI,FH330,2000,2005.0,Iveco Cursor,FHFH330A01,FHFH330A99,33500,,10300.0,,,,,,,,,,,,,,,,,,,,,,,,,,,,,,
FIAT-HITACHI,FH450,2000,2005.0,Iveco Cursor,FHFH450A01,FHFH450A99,45500,,12900.0,,,,,,,,,,,,,,,,,,,,,,,,,,,,,,
FIAT-HITACHI,FR130,2000,2005.0,Iveco NEF,FHFR130A01,FHFR130A99,11500,,4500.0,,,,,,,,,,,,,,,,,,,,,,,,,,,,,,
FIAT-HITACHI,FR160,2000,2005.0,Iveco NEF,FHFR160A01,FHFR160A99,14500,,4500.0,,,,,,,,,,,,,,,,,,,,,,,,,,,,,,
FIAT-HITACHI,FR220,2000,2005.0,Iveco Cursor,FHFR220A01,FHFR220A99,20000,,7800.0,,,,,,,,,,,,,,,,,,,,,,,,,,,,,,
FIAT-HITACHI,W130,1995,2005.0,Fiat-Iveco 8065,FHW130A001,FHW130A999,11000,,5900.0,,,,,,,,,,,,,,,,,,,,,,,,,,,,,,
FIAT-HITACHI,W170,1995,2005.0,Fiat-Iveco 8210,FHW170A001,FHW170A999,15000,,13800.0,,,,,,,,,,,,,,,,,,,,,,,,,,,,,,
FIAT-HITACHI,W190,1995,2005.0,Fiat-Iveco 8210,FHW190A001,FHW190A999,17500,,13800.0,,,,,,,,,,,,,,,,,,,,,,,,,,,,,,
FIAT-HITACHI,W230,1995,2005.0,Fiat-Iveco 8280,FHW230A001,FHW230A999,21000,,17200.0,,,,,,,,,,,,,,,,,,,,,,,,,,,,,,
FIAT-HITACHI,W270,1995,2005.0,Fiat-Iveco 8280,FHW270A001,FHW270A999,25000,,17200.0,,,,,,,,,,,,,,,,,,,,,,,,,,,,,,
FIAT-KOBELCO,E135SR,2002,2007.0,Iveco NEF,FKE135A001,FKE135A999,14000,,4500.0,,,,,,,,,,,,,,,,,,,,,,,,,,,,,,
FIAT-KOBELCO,E145W,2002,2007.0,Iveco NEF,FKE145A001,FKE145A999,15000,,4500.0,,,,,,,,,,,,,,,,,,,,,,,,,,,,,,
FIAT-KOBELCO,E165,2002,2007.0,Iveco NEF,FKE165A001,FKE165A999,17000,,4500.0,,,,,,,,,,,,,,,,,,,,,,,,,,,,,,
FIAT-KOBELCO,E175W,2002,2007.0,Iveco Cursor,FKE175A001,FKE175A999,18000,,7800.0,,,,,,,,,,,,,,,,,,,,,,,,,,,,,,
FIAT-KOBELCO,E195,2002,2007.0,Iveco Cursor,FKE195A001,FKE195A999,20000,,7800.0,,,,,,,,,,,,,,,,,,,,,,,,,,,,,,
FIAT-KOBELCO,E215,2002,2007.0,Iveco Cursor,FKE215A001,FKE215A999,22000,,7800.0,,,,,,,,,,,,,,,,,,,,,,,,,,,,,,
FIAT-KOBELCO,E235SR,2002,2007.0,Iveco Cursor,FKE235A001,FKE235A999,24000,,7800.0,,,,,,,,,,,,,,,,,,,,,,,,,,,,,,
FIAT-KOBELCO,E265,2002,2007.0,Iveco Cursor,FKE265A001,FKE265A999,27000,,7800.0,,,,,,,,,,,,,,,,,,,,,,,,,,,,,,
FIAT-KOBELCO,E305,2002,2007.0,Iveco Cursor,FKE305A001,FKE305A999,31000,,10300.0,,,,,,,,,,,,,,,,,,,,,,,,,,,,,,
FIAT-KOBELCO,E385,2002,2007.0,Iveco Cursor,FKE385A001,FKE385A999,39000,,10300.0,,,,,,,,,,,,,,,,,,,,,,,,,,,,,,
FIAT-KOBELCO,E505,2002,2007.0,Iveco Cursor,FKE505A001,FKE505A999,51000,,12900.0,,,,,,,,,,,,,,,,,,,,,,,,,,,,,,
FIAT-KOBELCO,E80,2002,2007.0,Iveco NEF,FKE80A0001,FKE80A9999,8500,,4500.0,,,,,,,,,,,,,,,,,,,,,,,,,,,,,,
HITACHI,ZW100-6,2015,,Isuzu 4JJ1X,HCWAA01001,HCWAA09999,7500,,2999.0,,,,,,,,,,,,,,,,,,,,,,,,,,,,,,
HITACHI,ZW140-6,2015,,Isuzu 4HK1X,HCWAB01001,HCWAB09999,10000,,5193.0,,,,,,,,,,,,,,,,,,,,,,,,,,,,,,
HITACHI,ZW180-6,2015,,Isuzu 4HK1X,HCWAC01001,HCWAC09999,13000,,5193.0,,,,,,,,,,,,,,,,,,,,,,,,,,,,,,
HITACHI,ZW220-6,2015,,Isuzu 6HK1X,HCWAD01001,HCWAD09999,16000,,7790.0,,,,,,,,,,,,,,,,,,,,,,,,,,,,,,
HITACHI,ZW250-6,2015,,Isuzu 6HK1X,HCWAE01001,HCWAE09999,18500,,7790.0,,,,,,,,,,,,,,,,,,,,,,,,,,,,,,
HITACHI,ZW310-6,2015,,Isuzu 6WG1X,HCWAF01001,HCWAF09999,22000,,15681.0,,,,,,,,,,,,,,,,,,,,,,,,,,,,,,
HITACHI,ZW370-6,2015,,Isuzu 6WG1X,HCWAG01001,HCWAG09999,27000,,15681.0,,,,,,,,,,,,,,,,,,,,,,,,,,,,,,
HITACHI,ZX130-7,2020,,Isuzu 4HK1X,HCMBJ01001,HCMBJ09999,13500,,5193.0,,,,,,,,,,,,,,,,,,,,,,,,,,,,,,
HITACHI,ZX135US-7,2020,,Isuzu 4HK1X,HCMBK01001,HCMBK09999,14000,,5193.0,,,,,,,,,,,,,,,,,,,,,,,,,,,,,,
HITACHI,ZX160LC-7,2020,,Isuzu 4HK1X,HCMBL01001,HCMBL09999,16500,,5193.0,,,,,,,,,,,,,,,,,,,,,,,,,,,,,,
HITACHI,ZX17U-6,2019,,Yanmar 3TNV70,HCMAA01001,HCMAA09999,1700,,854.0,,,,,,,,,,,,,,,,,,,,,,,,,,,,,,
HITACHI,ZX200-6,2015,2020.0,Isuzu 4HK1X,HCMBN01001,HCMBN09999,20000,,5193.0,,,,,,,,,,,,,,,,,,,,,,,,,,,,,,
HITACHI,ZX200-7,2020,,Isuzu 4HK1X,HCMBM01001,HCMBM09999,20500,,5193.0,,,,,,,,,,,,,,,,,,,,,,,,,,,,,,
HITACHI,ZX210-7,2020,,Isuzu 4HK1X,HCMBP01001,HCMBP09999,21500,,5193.0,,,,,,,,,,,,,,,,,,,,,,,,,,,,,,
HITACHI,ZX225US-7,2020,,Isuzu 4HK1X,HCMBR01001,HCMBR09999,23000,,5193.0,,,,,,,,,,,,,,,,,,,,,,,,,,,,,,
HITACHI,ZX250LC-7,2020,,Isuzu 6HK1X,HCMBS01001,HCMBS09999,25500,,7790.0,,,,,,,,,,,,,,,,,,,,,,,,,,,,,,
HITACHI,ZX26U-6,2019,,Yanmar 3TNV80F,HCMAB01001,HCMAB09999,2700,,1266.0,,,,,,,,,,,,,,,,,,,,,,,,,,,,,,
HITACHI,ZX290LC-7,2020,,Isuzu 6HK1X,HCMBT01001,HCMBT09999,29500,,7790.0,,,,,,,,,,,,,,,,,,,,,,,,,,,,,,
HITACHI,ZX300LC-7,2020,,Isuzu 6HK1X,HCMBU01001,HCMBU09999,30500,,7790.0,,,,,,,,,,,,,,,,,,,,,,,,,,,,,,
HITACHI,ZX330-6,2015,2020.0,Isuzu 6HK1X,HCMBW01001,HCMBW09999,33000,,7790.0,,,,,,,,,,,,,,,,,,,,,,,,,,,,,,
HITACHI,ZX330-7,2020,,Isuzu 6HK1X,HCMBV01001,HCMBV09999,33500,,7790.0,,,,,,,,,,,,,,,,,,,,,,,,,,,,,,
HITACHI,ZX33U-6,2019,,Yanmar 3TNV88F,HCMAC01001,HCMAC09999,3400,,1642.0,,,,,,,,,,,,,,,,,,,,,,,,,,,,,,
HITACHI,ZX350-6,2015,2020.0,Isuzu 6WG1X,HCMBY01001,HCMBY09999,35000,,15681.0,,,,,,,,,,,,,,,,,,,,,,,,,,,,,,
HITACHI,ZX350LC-7,2020,,Isuzu 6WG1X,HCMBX01001,HCMBX09999,35500,,15681.0,,,,,,,,,,,,,,,,,,,,,,,,,,,,,,
HITACHI,ZX380LC-7,2020,,Isuzu 6WG1X,HCMBZ01001,HCMBZ09999,38500,,15681.0,,,,,,,,,,,,,,,,,,,,,,,,,,,,,,
HITACHI,ZX38U-6,2019,,Yanmar 3TNV88F,HCMAD01001,HCMAD09999,3900,,1642.0,,,,,,,,,,,,,,,,,,,,,,,,,,,,,,
HITACHI,ZX470-6,2015,2020.0,Isuzu 6WG1X,HCMCB01001,HCMCB09999,47000,,15681.0,,,,,,,,,,,,,,,,,,,,,,,,,,,,,,
HITACHI,ZX470LC-7,2020,,Isuzu 6WG1X,HCMCA01001,HCMCA09999,47500,,15681.0,,,,,,,,,,,,,,,,,,,,,,,,,,,,,,
HITACHI,ZX48U-6,2019,,Yanmar 4TNV88,HCMAE01001,HCMAE09999,4800,,2190.0,,,,,,,,,,,,,,,,,,,,,,,,,,,,,,
HITACHI,ZX490LCH-7,2020,,Isuzu 6WG1X,HCMCC01001,HCMCC09999,49500,,15681.0,,,,,,,,,,,,,,,,,,,,,,,,,,,,,,
HITACHI,ZX530LCH-7,2020,,Isuzu 6WG1X,HCMCD01001,HCMCD09999,53500,,15681.0,,,,,,,,,,,,,,,,,,,,,,,,,,,,,,
HITACHI,ZX55U-6,2019,,Yanmar 4TNV98,HCMAF01001,HCMAF09999,5500,,3319.0,,,,,,,,,,,,,,,,,,,,,,,,,,,,,,
HITACHI,ZX65USB-6,2019,,Yanmar 4TNV98,HCMAG01001,HCMAG09999,6500,,3319.0,,,,,,,,,,,,,,,,,,,,,,,,,,,,,,
HITACHI,ZX670LC-6,2015,,Isuzu 6WG1X,HCMCE01001,HCMCE05000,67000,,15681.0,,,,,,,,,,,,,,,,,,,,,,,,,,,,,,
HITACHI,ZX85USB-6,2019,,Isuzu 4LE2X,HCMAH01001,HCMAH09999,8500,,2179.0,,,,,,,,,,,,,,,,,,,,,,,,,,,,,,
HITACHI,ZX870LC-6,2015,,Isuzu 6WG1X,HCMCF01001,HCMCF03000,87000,,15681.0,,,,,,,,,,,,,,,,,,,,,,,,,,,,,,
JCB,100C-2,2018,,JCB Dieselmax,JCB100C2A001,JCB100C2A999,10500,,4400.0,,,,,,,,,,,,,,,,,,,,,,,,,,,,,,
JCB,131X,2020,,JCB Dieselmax,JCB131XA0001,JCB131XA9999,13500,,4400.0,,,,,,,,,,,,,,,,,,,,,,,,,,,,,,
JCB,140X,2020,,JCB Dieselmax,JCB140XA0001,JCB140XA9999,14500,,4400.0,,,,,,,,,,,,,,,,,,,,,,,,,,,,,,
JCB,150X,2020,,JCB Dieselmax,JCB150XA0001,JCB150XA9999,15500,,4400.0,,,,,,,,,,,,,,,,,,,,,,,,,,,,,,
JCB,1CX,2010,,Perkins 404D-22,JCB1CXA00001,JCB1CXA99999,2500,,2216.0,,,,,,,,,,,,,,,,,,,,,,,,,,,,,,
JCB,220X,2020,,JCB Dieselmax,JCB220XA0001,JCB220XA9999,22000,,4400.0,,,,,,,,,,,,,,,,,,,,,,,,,,,,,,
JCB,2CX,2010,,JCB Dieselmax,JCB2CXA00001,JCB2CXA99999,4500,,4400.0,,,,,,,,,,,,,,,,,,,,,,,,,,,,,,
JCB,3CX,1980,,JCB Dieselmax,JCB3CXA00001,JCB3CXA99999,8000,,4400.0,,,,,,,,,,,,,,,,,,,,,,,,,,,,,,
JCB,3CX Compact,2015,,JCB Dieselmax,JCB3CXC00001,JCB3CXC99999,6500,,4400.0,,,,,,,,,,,,,,,,,,,,,,,,,,,,,,
JCB,48Z-1,2018,,JCB by Kohler,JCB48Z1A0001,JCB48Z1A9999,4800,,2500.0,,,,,,,,,,,,,,,,,,,,,,,,,,,,,,
JCB,4CX,1992,,JCB Dieselmax,JCB4CXA00001,JCB4CXA99999,9500,,4400.0,,,,,,,,,,,,,,,,,,,,,,,,,,,,,,
JCB,4CX Super,2010,,JCB Dieselmax,JCB4CXS00001,JCB4CXS99999,10000,,4400.0,,,,,,,,,,,,,,,,,,,,,,,,,,,,,,
JCB,525-60,2015,,JCB Dieselmax,JCB52560A001,JCB52560A999,5500,,4400.0,,,,,,,,,,,,,,,,,,,,,,,,,,,,,,
JCB,531-70,2015,,JCB Dieselmax,JCB53170A001,JCB53170A999,7000,,4400.0,,,,,,,,,,,,,,,,,,,,,,,,,,,,,,
JCB,535-95,2015,,JCB Dieselmax,JCB53595A001,JCB53595A999,9500,,4400.0,,,,,,,,,,,,,,,,,,,,,,,,,,,,,,
JCB,540-140,2015,,JCB Dieselmax,JCB540140A01,JCB540140A99,11000,,4400.0,,,,,,,,,,,,,,,,,,,,,,,,,,,,,,
JCB,540-170,2015,,JCB Dieselmax,JCB540170A01,JCB540170A99,12500,,4400.0,,,,,,,,,,,,,,,,,,,,,,,,,,,,,,
JCB,540-200,2015,,JCB Dieselmax,JCB540200A01,JCB540200A99,14000,,4400.0,,,,,,,,,,,,,,,,,,,,,,,,,,,,,,
JCB,550-80,2015,,JCB Dieselmax,JCB55080A001,JCB55080A999,10500,,4400.0,,,,,,,,,,,,,,,,,,,,,,,,,,,,,,
JCB,55Z-1,2018,,JCB by Kohler,JCB55Z1A0001,JCB55Z1A9999,5500,,2500.0,,,,,,,,,,,,,,,,,,,,,,,,,,,,,,
JCB,560-80,2015,,JCB Dieselmax,JCB56080A001,JCB56080A999,12000,,4400.0,,,,,,,,,,,,,,,,,,,,,,,,,,,,,,
JCB,5CX,2015,,JCB Dieselmax,JCB5CXA00001,JCB5CXA99999,11000,,4400.0,,,,,,,,,,,,,,,,,,,,,,,,,,,,,,
JCB,65R-1,2018,,JCB by Kohler,JCB65R1A0001,JCB65R1A9999,6500,,2500.0,,,,,,,,,,,,,,,,,,,,,,,,,,,,,,
JCB,8008 CTS,2015,,Perkins 403D-11,JCB8008A0001,JCB8008A9999,950,,1131.0,,,,,,,,,,,,,,,,,,,,,,,,,,,,,,
JCB,8010 CTS,2015,,Perkins 403D-11,JCB8010A0001,JCB8010A9999,1100,,1131.0,,,,,,,,,,,,,,,,,,,,,,,,,,,,,,
JCB,8014 CTS,2015,,Perkins 403D-15,JCB8014A0001,JCB8014A9999,1500,,1496.0,,,,,,,,,,,,,,,,,,,,,,,,,,,,,,
JCB,8018 CTS,2015,,Perkins 403D-15,JCB8018A0001,JCB8018A9999,1800,,1496.0,,,,,,,,,,,,,,,,,,,,,,,,,,,,,,
JCB,8025 ZTS,2015,,Perkins 403J-17,JCB8025A0001,JCB8025A9999,2700,,1662.0,,,,,,,,,,,,,,,,,,,,,,,,,,,,,,
JCB,8030 ZTS,2015,,Perkins 403J-17,JCB8030A0001,JCB8030A9999,3200,,1662.0,,,,,,,,,,,,,,,,,,,,,,,,,,,,,,
JCB,8035 ZTS,2015,,Perkins 404D-22,JCB8035A0001,JCB8035A9999,3700,,2216.0,,,,,,,,,,,,,,,,,,,,,,,,,,,,,,
JCB,85Z-1,2018,,JCB Dieselmax,JCB85Z1A0001,JCB85Z1A9999,8500,,4400.0,,,,,,,,,,,,,,,,,,,,,,,,,,,,,,
JCB,86C-2,2018,,JCB Dieselmax,JCB86C2A0001,JCB86C2A9999,8600,,4400.0,,,,,,,,,,,,,,,,,,,,,,,,,,,,,,
JCB,JS130,2010,2020.0,Isuzu 4HK1X,JCBJS130A001,JCBJS130A999,13000,,5193.0,,,,,,,,,,,,,,,,,,,,,,,,,,,,,,
JCB,JS145,2010,2020.0,Isuzu 4HK1X,JCBJS145A001,JCBJS145A999,14500,,5193.0,,,,,,,,,,,,,,,,,,,,,,,,,,,,,,
JCB,JS160,2010,2020.0,Isuzu 4HK1X,JCBJS160A001,JCBJS160A999,16500,,5193.0,,,,,,,,,,,,,,,,,,,,,,,,,,,,,,
JCB,JS200,2010,2020.0,Isuzu 4HK1X,JCBJS200A001,JCBJS200A999,20500,,5193.0,,,,,,,,,,,,,,,,,,,,,,,,,,,,,,
JCB,JS205,2015,,JCB Dieselmax,JCBJS205A001,JCBJS205A999,21000,,4400.0,,,,,,,,,,,,,,,,,,,,,,,,,,,,,,
JCB,JS220,2010,2020.0,Isuzu 6HK1X,JCBJS220A001,JCBJS220A999,22500,,7790.0,,,,,,,,,,,,,,,,,,,,,,,,,,,,,,
JCB,JS300,2010,2020.0,Isuzu 6HK1X,JCBJS300A001,JCBJS300A999,30500,,7790.0,,,,,,,,,,,,,,,,,,,,,,,,,,,,,,
JCB,JS330,2010,2020.0,Isuzu 6WG1X,JCBJS330A001,JCBJS330A999,33500,,15681.0,,,,,,,,,,,,,,,,,,,,,,,,,,,,,,
JCB,JS370,2010,2020.0,Isuzu 6WG1X,JCBJS370A001,JCBJS370A999,37500,,15681.0,,,,,,,,,,,,,,,,,,,,,,,,,,,,,,
JCB,JS500,2010,,MTU 6R1000,JCBJS500A001,JCBJS500A500,50000,,,,,,,,,,,,,,,,,,,,,,,,,,,,,,,,
KOBELCO,SK140SRLC-7,2020,,Isuzu 4HK1X,YN14-00001,YN14-09999,14500,,5193.0,,,,,,,,,,,,,,,,,,,,,,,,,,,,,,
KOBELCO,SK17SR-5,2018,,Yanmar 3TNV70,PW08-00001,PW08-09999,1700,,854.0,,,,,,,,,,,,,,,,,,,,,,,,,,,,,,
KOBELCO,SK210LC-10,2018,,Hino J05E,YQ11-00001,YQ11-09999,21500,,5123.0,,,,,,,,,,,,,,,,,,,,,,,,,,,,,,
KOBELCO,SK230SRLC-5,2018,,Hino J05E,YQ13-00001,YQ13-09999,23500,,5123.0,,,,,,,,,,,,,,,,,,,,,,,,,,,,,,
KOBELCO,SK260LC-10,2018,,Hino J08E,YQ14-00001,YQ14-09999,26500,,7684.0,,,,,,,,,,,,,,,,,,,,,,,,,,,,,,
KOBELCO,SK26SR-6,2018,,Yanmar 3TNV82A,PW26A00001,PW26A09999,2700,,1331.0,,,,,,,,,,,,,,,,,,,,,,,,,,,,,,
KOBELCO,SK300LC-10,2018,,Hino J08E,YQ15-00001,YQ15-09999,30500,,7684.0,,,,,,,,,,,,,,,,,,,,,,,,,,,,,,
KOBELCO,SK30SR-6,2018,,Yanmar 3TNV88F,PW12-00001,PW12-09999,3100,,1642.0,,,,,,,,,,,,,,,,,,,,,,,,,,,,,,
KOBELCO,SK350LC-10,2018,,Hino J08E,YQ16-00001,YQ16-09999,35500,,7684.0,,,,,,,,,,,,,,,,,,,,,,,,,,,,,,
KOBELCO,SK35SR-6,2018,,Yanmar 3TNV88F,PW13-00001,PW13-09999,3600,,1642.0,,,,,,,,,,,,,,,,,,,,,,,,,,,,,,
KOBELCO,SK380XDLC-10,2018,,Hino A09C,YQ17-00001,YQ17-09999,38500,,8866.0,,,,,,,,,,,,,,,,,,,,,,,,,,,,,,
KOBELCO,SK500LC-10,2018,,Hino A09C,YQ19-00001,YQ19-09999,50500,,8866.0,,,,,,,,,,,,,,,,,,,,,,,,,,,,,,
KOBELCO,SK520LC-10,2018,,Hino A09C,YQ22-00001,YQ22-09999,52500,,8866.0,,,,,,,,,,,,,,,,,,,,,,,,,,,,,,
KOBELCO,SK55SRX-6,2018,,Yanmar 4TNV98,PX15-00001,PX15-09999,5500,,3319.0,,,,,,,,,,,,,,,,,,,,,,,,,,,,,,
KOBELCO,SK75SR-7,2020,,Yanmar 4TNV98,YN12-00001,YN12-09999,7500,,3319.0,,,,,,,,,,,,,,,,,,,,,,,,,,,,,,
KOBELCO,SK850LC-10E,2018,,Hino E13C,YQ21-00001,YQ21-05000,85000,,12913.0,,,,,,,,,,,,,,,,,,,,,,,,,,,,,,
KOBELCO,SK85MSR-7,2020,,Isuzu 4LE2X,YN13-00001,YN13-09999,8500,,2179.0,,,,,,,,,,,,,,,,,,,,,,,,,,,,,,
KOMATSU,D155AX-8,2015,,Komatsu SAA6D140E-7,90001,92000,40000,,15240.0,,,,,,,,,,,,,,,,,,,,,,,,,,,,,,
KOMATSU,D275AX-5,2008,,Komatsu SAA12V140E-3,30001,31000,55000,,30480.0,,,,,,,,,,,,,,,,,,,,,,,,,,,,,,
KOMATSU,D31PX-22,2012,,Komatsu SAA4D95LE-5,60001,65000,6500,,3260.0,,,,,,,,,,,,,,,,,,,,,,,,,,,,,,
KOMATSU,D375A-8,2015,,Komatsu SAA12V140E-3,20001,21000,72000,,30480.0,,,,,,,,,,,,,,,,,,,,,,,,,,,,,,
KOMATSU,D37PX-24,2018,,Komatsu SAA4D95LE-6,10001,15000,8500,,3260.0,,,,,,,,,,,,,,,,,,,,,,,,,,,,,,
KOMATSU,D39PX-24,2018,,Komatsu SAA4D95LE-6,10001,15000,9500,,3260.0,,,,,,,,,,,,,,,,,,,,,,,,,,,,,,
KOMATSU,D475A-5,2008,,Komatsu SDA16V160,10001,10500,110000,,60200.0,,,,,,,,,,,,,,,,,,,,,,,,,,,,,,
KOMATSU,D51PX-24,2018,,Komatsu SAA6D107E-2,10001,15000,13500,,6690.0,,,,,,,,,,,,,,,,,,,,,,,,,,,,,,
KOMATSU,D61PX-24,2018,,Komatsu SAA6D107E-2,10001,15000,17500,,6690.0,,,,,,,,,,,,,,,,,,,,,,,,,,,,,,
KOMATSU,D65PX-18,2015,,Komatsu SAA6D114E-6,90001,95000,21000,,8270.0,,,,,,,,,,,,,,,,,,,,,,,,,,,,,,
KOMATSU,D85PX-18,2015,,Komatsu SAA6D125E-7,10001,12000,27000,,11040.0,,,,,,,,,,,,,,,,,,,,,,,,,,,,,,
KOMATSU,PC130-11,2019,,Komatsu SAA4D95LE-7,90001,99999,13500,,3260.0,,,,,,,,,,,,,,,,,,,,,,,,,,,,,,
KOMATSU,PC138US-11,2019,,Komatsu SAA4D95LE-7,40001,50000,14000,,3260.0,,,,,,,,,,,,,,,,,,,,,,,,,,,,,,
KOMATSU,PC170LC-11,2019,,Komatsu SAA4D107E-3,30001,40000,17500,,4460.0,,,,,,,,,,,,,,,,,,,,,,,,,,,,,,
KOMATSU,PC18MR-3,2012,,Yanmar 3TNV76,F00001,F99999,1800,,1116.0,,,,,,,,,,,,,,,,,,,,,,,,,,,,,,
KOMATSU,PC200-10,2014,2020.0,Komatsu SAA6D107E-2,450001,500000,20500,,6690.0,,,,,,,,,,,,,,,,,,,,,,,,,,,,,,
KOMATSU,PC200-11,2020,,Komatsu SAA6D107E-3,500001,550000,21000,,6690.0,,,,,,,,,,,,,,,,,,,,,,,,,,,,,,
KOMATSU,PC200-8,2008,2018.0,Komatsu SAA6D107E-1,C60001,C70000,19880,110.0,6690.0,EPA Tier 3 / EU Stage 3A,,,,,,,,,,,,,,,,,,,,,,,,,,,,,
KOMATSU,PC210-10,2014,2020.0,Komatsu SAA6D107E-2,K60001,K70000,21500,,6690.0,,,,,,,,,,,,,,,,,,,,,,,,,,,,,,
KOMATSU,PC210-11,2020,,Komatsu SAA6D107E-3,K70001,K80000,22000,,6690.0,,,,,,,,,,,,,,,,,,,,,,,,,,,,,,
KOMATSU,PC228US-11,2019,,Komatsu SAA6D107E-3,10001,20000,23000,,6690.0,,,,,,,,,,,,,,,,,,,,,,,,,,,,,,
KOMATSU,PC240LC-11,2019,,Komatsu SAA6D107E-3,10001,20000,24500,,6690.0,,,,,,,,,,,,,,,,,,,,,,,,,,,,,,
KOMATSU,PC26MR-3,2012,,Yanmar 3TNV82A,F10001,F19999,2700,,1331.0,,,,,,,,,,,,,,,,,,,,,,,,,,,,,,
KOMATSU,PC290LC-11,2019,,Komatsu SAA6D114E-6,10001,20000,29500,,8270.0,,,,,,,,,,,,,,,,,,,,,,,,,,,,,,
KOMATSU,PC300-11,2020,,Komatsu SAA6D114E-6,60001,70000,31000,,8270.0,,,,,,,,,,,,,,,,,,,,,,,,,,,,,,
KOMATSU,PC300-8,2008,2018.0,Komatsu SAA6D114E-3,A80001,A90000,30000,,8270.0,,,,,,,,,,,,,,,,,,,,,,,,,,,,,,
KOMATSU,PC30MR-5,2018,,Yanmar 3TNV88F,F30001,F39999,3200,,1642.0,,,,,,,,,,,,,,,,,,,,,,,,,,,,,,
KOMATSU,PC350-11,2020,,Komatsu SAA6D114E-6,30001,40000,36000,,8270.0,,,,,,,,,,,,,,,,,,,,,,,,,,,,,,
KOMATSU,PC350-8,2008,2018.0,Komatsu SAA6D114E-3,A20001,A30000,35000,,8270.0,,,,,,,,,,,,,,,,,,,,,,,,,,,,,,
KOMATSU,PC35MR-5,2018,,Yanmar 3TNV88F,F35001,F35999,3700,,1642.0,,,,,,,,,,,,,,,,,,,,,,,,,,,,,,
KOMATSU,PC390LC-11,2019,,Komatsu SAA6D114E-6,10001,20000,39500,,8270.0,,,,,,,,,,,,,,,,,,,,,,,,,,,,,,
KOMATSU,PC400-11,2020,,Komatsu SAA6D125E-7,10001,20000,41000,,11040.0,,,,,,,,,,,,,,,,,,,,,,,,,,,,,,
KOMATSU,PC400-8,2008,2018.0,Komatsu SAA6D125E-5,A50001,A60000,40000,,11040.0,,,,,,,,,,,,,,,,,,,,,,,,,,,,,,
KOMATSU,PC450-8,2008,2018.0,Komatsu SAA6D125E-5,A10001,A20000,45000,,11040.0,,,,,,,,,,,,,,,,,,,,,,,,,,,,,,
KOMATSU,PC45MR-5,2018,,Yanmar 4TNV88,F45001,F45999,4500,,2190.0,,,,,,,,,,,,,,,,,,,,,,,,,,,,,,
KOMATSU,PC490LC-11,2019,,Komatsu SAA6D125E-7,10001,20000,49000,,11040.0,,,,,,,,,,,,,,,,,,,,,,,,,,,,,,
KOMATSU,PC55MR-5,2018,,Yanmar 4TNV98,F55001,F55999,5500,,3319.0,,,,,,,,,,,,,,,,,,,,,,,,,,,,,,
KOMATSU,PC650LC-11,2019,,Komatsu SAA6D140E-7,10001,15000,65000,,15240.0,,,,,,,,,,,,,,,,,,,,,,,,,,,,,,
KOMATSU,PC78US-10,2016,,Komatsu SAA4D95LE-6,15001,25000,7800,,3260.0,,,,,,,,,,,,,,,,,,,,,,,,,,,,,,
KOMATSU,PC800LC-8,2010,,Komatsu SAA12V140E-3,50001,55000,80000,,30480.0,,,,,,,,,,,,,,,,,,,,,,,,,,,,,,
KOMATSU,PC88MR-10,2016,,Komatsu SAA4D95LE-6,10001,20000,8800,,3260.0,,,,,,,,,,,,,,,,,,,,,,,,,,,,,,
KOMATSU,WA100M-8,2018,,Komatsu SAA4D95LE-6,H10001,H20000,7000,,3260.0,,,,,,,,,,,,,,,,,,,,,,,,,,,,,,
KOMATSU,WA200-8,2015,,Komatsu SAA4D107E-2,80001,90000,10500,,4460.0,,,178.0,58.0,26.1,15.5,6736-51-5142,600-319-3750,600-319-3610,600-185-2500,600-185-2500,418-60-55150,,,423-07-52410 / 423-07-52440,721-98-02650,,707-98-43290,,,,,,,,,,,,
KOMATSU,WA270-8,2015,,Komatsu SAA6D107E-2,80001,90000,13000,,6690.0,,,,,,,,,,,,,,,,,,,,,,,,,,,,,,
KOMATSU,WA320-8,2015,,Komatsu SAA6D107E-2,80001,90000,15500,,6690.0,,,,,,,,,,,,,,,,,,,,,,,,,,,,,,
KOMATSU,WA380-8,2015,,Komatsu SAA6D114E-6,80001,90000,19000,,8270.0,,,,,,,,,,,,,,,,,,,,,,,,,,,,,,
KOMATSU,WA430-6,2008,2018.0,Komatsu SAA6D114E-3,65001,70000,21000,,8270.0,,,,,,,,,,,,,,,,,,,,,,,,,,,,,,
KOMATSU,WA470-8,2015,,Komatsu SAA6D125E-7,80001,85000,25000,,11040.0,,,,,,,,,,,,,,,,,,,,,,,,,,,,,,
KOMATSU,WA480-8,2015,,Komatsu SAA6D125E-7,80001,85000,27000,,11040.0,,,,,,,,,,,,,,,,,,,,,,,,,,,,,,
KOMATSU,WA500-8,2015,,Komatsu SAA6D140E-7,80001,85000,33000,,15240.0,,,,,,,,,,,,,,,,,,,,,,,,,,,,,,
KOMATSU,WA600-8,2015,,Komatsu SAA12V140E-3,80001,82000,53000,,30480.0,,,,,,,,,,,,,,,,,,,,,,,,,,,,,,
KOMATSU,WA700-3,2005,,Komatsu SA12V140-1,50001,52000,68000,,30480.0,,,,,,,,,,,,,,,,,,,,,,,,,,,,,,
KOMATSU,WA70M-8,2018,,Komatsu S4D95LE-6,H00001,H10000,5500,,3260.0,,,,,,,,,,,,,,,,,,,,,,,,,,,,,,
KOMATSU,WA800-3,2005,,Komatsu SDA16V160,50001,51000,95000,,60200.0,,,,,,,,,,,,,,,,,,,,,,,,,,,,,,
KOMATSU,WA900-3,2005,,Komatsu SDA16V160,50001,50500,115000,,60200.0,,,,,,,,,,,,,,,,,,,,,,,,,,,,,,
KRAMER,5035,2015,,Yanmar 4TNV88,KR5035A001,KR5035A999,2800,,2190.0,,,,,,,,,,,,,,,,,,,,,,,,,,,,,,
KRAMER,5040,2015,,Yanmar 4TNV88,KR5040A001,KR5040A999,3200,,2190.0,,,,,,,,,,,,,,,,,,,,,,,,,,,,,,
KRAMER,5050,2015,,Yanmar 4TNV98,KR5050A001,KR5050A999,3800,,3319.0,,,,,,,,,,,,,,,,,,,,,,,,,,,,,,
KRAMER,5055,2018,,Yanmar 4TNV98,KR5055A001,KR5055A999,4200,,3319.0,,,,,,,,,,,,,,,,,,,,,,,,,,,,,,
KRAMER,5065,2018,,Yanmar 4TNV98,KR5065A001,KR5065A999,4800,,3319.0,,,,,,,,,,,,,,,,,,,,,,,,,,,,,,
KRAMER,5075,2018,,Deutz TCD3.6,KR5075A001,KR5075A999,5500,,3600.0,,,,,,,,,,,,,,,,,,,,,,,,,,,,,,
KRAMER,5085,2018,,Deutz TCD3.6,KR5085A001,KR5085A999,6200,,3600.0,,,,,,,,,,,,,,,,,,,,,,,,,,,,,,
KRAMER,8085,2018,,Deutz TCD3.6,KR8085A001,KR8085A999,6500,,3600.0,,,,,,,,,,,,,,,,,,,,,,,,,,,,,,
KRAMER,8095,2018,,Deutz TCD3.6,KR8095A001,KR8095A999,7200,,3600.0,,,,,,,,,,,,,,,,,,,,,,,,,,,,,,
KRAMER,8105,2018,,Deutz TCD4.1,KR8105A001,KR8105A999,8000,,4100.0,,,,,,,,,,,,,,,,,,,,,,,,,,,,,,
KRAMER,8115,2018,,Deutz TCD4.1,KR8115A001,KR8115A999,8800,,4100.0,,,,,,,,,,,,,,,,,,,,,,,,,,,,,,
KRAMER,8125,2018,,Deutz TCD4.1,KR8125A001,KR8125A999,9500,,4100.0,,,,,,,,,,,,,,,,,,,,,,,,,,,,,,
KRAMER,8135,2018,,Deutz TCD4.1,KR8135A001,KR8135A999,10200,,4100.0,,,,,,,,,,,,,,,,,,,,,,,,,,,,,,
KRAMER,8145,2018,,Deutz TCD6.1,KR8145A001,KR8145A999,11000,,6100.0,,,,,,,,,,,,,,,,,,,,,,,,,,,,,,
KRAMER,8155,2018,,Deutz TCD6.1,KR8155A001,KR8155A999,12000,,6100.0,,,,,,,,,,,,,,,,,,,,,,,,,,,,,,
KRAMER,KT276,2018,,Yanmar 4TNV98,KRKT276A01,KRKT276A99,4500,,3319.0,,,,,,,,,,,,,,,,,,,,,,,,,,,,,,
KRAMER,KT306,2018,,Yanmar 4TNV98,KRKT306A01,KRKT306A99,5000,,3319.0,,,,,,,,,,,,,,,,,,,,,,,,,,,,,,
KRAMER,KT357,2018,,Deutz TCD3.6,KRKT357A01,KRKT357A99,5800,,3600.0,,,,,,,,,,,,,,,,,,,,,,,,,,,,,,
KRAMER,KT407,2018,,Deutz TCD3.6,KRKT407A01,KRKT407A99,6500,,3600.0,,,,,,,,,,,,,,,,,,,,,,,,,,,,,,
KRAMER,KT447,2018,,Deutz TCD3.6,KRKT447A01,KRKT447A99,7200,,3600.0,,,,,,,,,,,,,,,,,,,,,,,,,,,,,,
KRAMER,KT557,2018,,Deutz TCD4.1,KRKT557A01,KRKT557A99,8500,,4100.0,,,,,,,,,,,,,,,,,,,,,,,,,,,,,,
KUBOTA,K008-3,2015,,Kubota D722,KUBA10001,KUBA19999,850,,719.0,,,,,,,,,,,,,,,,,,,,,,,,,,,,,,
KUBOTA,KX016-4,2015,,Kubota D902,KUBE10001,KUBE19999,1650,,898.0,,,,,,,,,,,,,,,,,,,,,,,,,,,,,,
KUBOTA,KX018-4,2015,,Kubota D902,KUBF10001,KUBF19999,1850,,898.0,,,,,,,,,,,,,,,,,,,,,,,,,,,,,,
KUBOTA,KX019-4,2018,,Kubota D902,KUBG10001,KUBG19999,1950,,898.0,,,,,,,,,,,,,,,,,,,,,,,,,,,,,,
KUBOTA,KX027-4,2018,,Kubota D1105,KUBL10001,KUBL19999,2850,,1123.0,,,,,,,,,,,,,,,,,,,,,,,,,,,,,,
KUBOTA,KX033-4,2018,,Kubota V1505,KUBN10001,KUBN19999,3400,,1498.0,,,,,,,,,,,,,,,,,,,,,,,,,,,,,,
KUBOTA,KX037-4,2018,,Kubota V1505,KUBP10001,KUBP19999,3800,,1498.0,,,,,,,,,,,,,,,,,,,,,,,,,,,,,,
KUBOTA,KX042-4,2018,,Kubota V2203,KUBS10001,KUBS19999,4300,,2197.0,,,,,,,,,,,,,,,,,,,,,,,,,,,,,,
KUBOTA,KX057-4,2018,,Kubota V2607,KUBU10001,KUBU19999,5800,,2615.0,,,,,,,,,,,,,,,,,,,,,,,,,,,,,,
KUBOTA,KX057-5,2022,,Kubota V2607,KUBV10001,KUBV19999,5900,,2615.0,,,,,,,,,,,,,,,,,,,,,,,,,,,,,,
KUBOTA,KX060-5,2020,,Kubota V2607,KUBX10001,KUBX19999,6100,,2615.0,,,,,,,,,,,,,,,,,,,,,,,,,,,,,,
KUBOTA,KX080-4,2018,,Kubota V3307,KUBY10001,KUBY19999,8200,,3331.0,,,,,,,,,,,,,,,,,,,,,,,,,,,,,,
KUBOTA,KX080-4a2,2020,,Kubota V3307,KUBZ10001,KUBZ19999,8400,,3331.0,,,,,,,,,,,,,,,,,,,,,,,,,,,,,,
KUBOTA,KX085-5,2022,,Kubota V3307,KUCB10001,KUCB19999,8800,,3331.0,,,,,,,,,,,,,,,,,,,,,,,,,,,,,,
KUBOTA,R065,2018,,Kubota V2607,KUWA10001,KUWA19999,3500,,2615.0,,,,,,,,,,,,,,,,,,,,,,,,,,,,,,
KUBOTA,R070,2018,,Kubota V2607,KUWB10001,KUWB19999,3800,,2615.0,,,,,,,,,,,,,,,,,,,,,,,,,,,,,,
KUBOTA,R082,2018,,Kubota V3307,KUWC10001,KUWC19999,4500,,3331.0,,,,,,,,,,,,,,,,,,,,,,,,,,,,,,
KUBOTA,R090,2018,,Kubota V3307,KUWD10001,KUWD19999,5000,,3331.0,,,,,,,,,,,,,,,,,,,,,,,,,,,,,,
KUBOTA,R430,2015,,Kubota V2203,KUWE10001,KUWE19999,3200,,2197.0,,,,,,,,,,,,,,,,,,,,,,,,,,,,,,
KUBOTA,R530,2015,,Kubota V2403,KUWF10001,KUWF19999,3800,,2434.0,,,,,,,,,,,,,,,,,,,,,,,,,,,,,,
KUBOTA,R630,2015,,Kubota V2607,KUWG10001,KUWG19999,4200,,2615.0,,,,,,,,,,,,,,,,,,,,,,,,,,,,,,
KUBOTA,SVL65-2,2018,,Kubota V2607,KUTA10001,KUTA19999,3500,,2615.0,,,,,,,,,,,,,,,,,,,,,,,,,,,,,,
KUBOTA,SVL75-2,2018,,Kubota V3307,KUTB10001,KUTB19999,4200,,3331.0,,,,,,,,,,,,,,,,,,,,,,,,,,,,,,
KUBOTA,SVL95-2s,2018,,Kubota V3800,KUTC10001,KUTC19999,5000,,3769.0,,,,,,,,,,,,,,,,,,,,,,,,,,,,,,
KUBOTA,SVL97-2,2020,,Kubota V3800,KUTD10001,KUTD19999,5200,,3769.0,,,,,,,,,,,,,,,,,,,,,,,,,,,,,,
KUBOTA,U10-3,2015,,Kubota D722,KUBB10001,KUBB19999,1050,,719.0,,,,,,,,,,,,,,,,,,,,,,,,,,,,,,
KUBOTA,U15-3,2015,,Kubota D902,KUBC10001,KUBC19999,1550,,898.0,,,,,,,,,,,,,,,,,,,,,,,,,,,,,,
KUBOTA,U17-3,2015,,Kubota D902,KUBD10001,KUBD19999,1750,,898.0,,,,,,,,,,,,,,,,,,,,,,,,,,,,,,
KUBOTA,U20-3,2015,,Kubota D1105,KUBH10001,KUBH19999,2050,,1123.0,,,,,,,,,,,,,,,,,,,,,,,,,,,,,,
KUBOTA,U25-3,2015,,Kubota D1105,KUBJ10001,KUBJ19999,2600,,1123.0,,,,,,,,,,,,,,,,,,,,,,,,,,,,,,
KUBOTA,U27-4,2018,,Kubota D1105,KUBK10001,KUBK19999,2800,,1123.0,,,,,,,,,,,,,,,,,,,,,,,,,,,,,,
KUBOTA,U35-4,2018,,Kubota V1505,KUBM10001,KUBM19999,3600,,1498.0,,,,,,,,,,,,,,,,,,,,,,,,,,,,,,
KUBOTA,U48-4,2018,,Kubota V2403,KUBR10001,KUBR19999,4900,,2434.0,,,,,,,,,,,,,,,,,,,,,,,,,,,,,,
KUBOTA,U55-4,2018,,Kubota V2607,KUBT10001,KUBT19999,5600,,2615.0,,,,,,,,,,,,,,,,,,,,,,,,,,,,,,
KUBOTA,U56-5,2022,,Kubota V2607,KUBW10001,KUBW19999,5700,,2615.0,,,,,,,,,,,,,,,,,,,,,,,,,,,,,,
KUBOTA,U85-5,2022,,Kubota V3307,KUCA10001,KUCA19999,8700,,3331.0,,,,,,,,,,,,,,,,,,,,,,,,,,,,,,
LIEBHERR,A910 Compact,2015,,Liebherr D924,LBA910A001,LBA910A999,11500,,6640.0,,,,,,,,,,,,,,,,,,,,,,,,,,,,,,
LIEBHERR,A914 Compact,2015,,Liebherr D924,LBA914A001,LBA914A999,14500,,6640.0,,,,,,,,,,,,,,,,,,,,,,,,,,,,,,
LIEBHERR,A918 Compact,2015,,Liebherr D934,LBA918A001,LBA918A999,18500,,7000.0,,,,,,,,,,,,,,,,,,,,,,,,,,,,,,
LIEBHERR,A920,2015,,Liebherr D934,LBA920A001,LBA920A999,20500,,7000.0,,,,,,,,,,,,,,,,,,,,,,,,,,,,,,
LIEBHERR,A922 Rail,2015,,Liebherr D934,LBA922A001,LBA922A999,22500,,7000.0,,,,,,,,,,,,,,,,,,,,,,,,,,,,,,
LIEBHERR,A924,2015,,Liebherr D934,LBA924A001,LBA924A999,24500,,7000.0,,,,,,,,,,,,,,,,,,,,,,,,,,,,,,
LIEBHERR,L506 Compact,2015,,Liebherr D924,LBL506A001,LBL506A999,5500,,6640.0,,,,,,,,,,,,,,,,,,,,,,,,,,,,,,
LIEBHERR,L507 Stereo,2015,,Liebherr D924,LBL507A001,LBL507A999,6000,,6640.0,,,,,,,,,,,,,,,,,,,,,,,,,,,,,,
LIEBHERR,L509 Stereo,2015,,Liebherr D924,LBL509A001,LBL509A999,7000,,6640.0,,,,,,,,,,,,,,,,,,,,,,,,,,,,,,
LIEBHERR,L514 Stereo,2015,,Liebherr D924,LBL514A001,LBL514A999,9000,,6640.0,,,,,,,,,,,,,,,,,,,,,,,,,,,,,,
LIEBHERR,L518,2015,,Liebherr D934,LBL518A001,LBL518A999,11000,,7000.0,,,,,,,,,,,,,,,,,,,,,,,,,,,,,,
LIEBHERR,L524,2015,,Liebherr D934,LBL524A001,LBL524A999,13000,,7000.0,,,,,,,,,,,,,,,,,,,,,,,,,,,,,,
LIEBHERR,L528,2015,,Liebherr D934,LBL528A001,LBL528A999,15000,,7000.0,,,,,,,,,,,,,,,,,,,,,,,,,,,,,,
LIEBHERR,L538,2015,,Liebherr D936,LBL538A001,LBL538A999,17500,,10500.0,,,,,,,,,,,,,,,,,,,,,,,,,,,,,,
LIEBHERR,L546,2015,,Liebherr D936,LBL546A001,LBL546A999,20000,,10500.0,,,,,,,,,,,,,,,,,,,,,,,,,,,,,,
LIEBHERR,L550,2015,,Liebherr D936,LBL550A001,LBL550A999,22000,,10500.0,,,,,,,,,,,,,,,,,,,,,,,,,,,,,,
LIEBHERR,L556,2015,,Liebherr D946,LBL556A001,LBL556A999,25000,,12000.0,,,,,,,,,,,,,,,,,,,,,,,,,,,,,,
LIEBHERR,L566,2015,,Liebherr D946,LBL566A001,LBL566A999,28000,,12000.0,,,,,,,,,,,,,,,,,,,,,,,,,,,,,,
LIEBHERR,L576,2015,,Liebherr D946,LBL576A001,LBL576A999,32000,,12000.0,,,,,,,,,,,,,,,,,,,,,,,,,,,,,,
LIEBHERR,L580,2015,,Liebherr D9508,LBL580A001,LBL580A500,35000,,16200.0,,,,,,,,,,,,,,,,,,,,,,,,,,,,,,
LIEBHERR,L586,2015,,Liebherr D9508,LBL586A001,LBL586A300,40000,,16200.0,,,,,,,,,,,,,,,,,,,,,,,,,,,,,,
LIEBHERR,R9100,2015,,Cummins QSK23,LBR9100A01,LBR9100A10,100000,,23150.0,,,,,,,,,,,,,,,,,,,,,,,,,,,,,,
LIEBHERR,R914 Compact,2015,,Liebherr D924,LBR914A001,LBR914A999,14500,,6640.0,,,,,,,,,,,,,,,,,,,,,,,,,,,,,,
LIEBHERR,R9150,2015,,Cummins QSK38,LBR9150A01,LBR9150A08,150000,,38000.0,,,,,,,,,,,,,,,,,,,,,,,,,,,,,,
LIEBHERR,R918,2015,,Liebherr D934,LBR918A001,LBR918A999,18500,,7000.0,,,,,,,,,,,,,,,,,,,,,,,,,,,,,,
LIEBHERR,R920 Compact,2015,,Liebherr D934,LBR920A001,LBR920A999,20500,,7000.0,,,,,,,,,,,,,,,,,,,,,,,,,,,,,,
LIEBHERR,R9200,2015,,Cummins QSK50,LBR9200A01,LBR9200A05,200000,,50300.0,,,,,,,,,,,,,,,,,,,,,,,,,,,,,,
LIEBHERR,R922,2015,,Liebherr D934,LBR922A001,LBR922A999,22500,,7000.0,,,,,,,,,,,,,,,,,,,,,,,,,,,,,,
LIEBHERR,R924,2015,,Liebherr D934,LBR924A001,LBR924A999,24500,,7000.0,,,,,,,,,,,,,,,,,,,,,,,,,,,,,,
LIEBHERR,R9250,2015,,Cummins QSK60,LBR9250A01,LBR9250A03,250000,,60200.0,,,,,,,,,,,,,,,,,,,,,,,,,,,,,,
LIEBHERR,R926 Compact,2015,,Liebherr D934,LBR926A001,LBR926A999,26500,,7000.0,,,,,,,,,,,,,,,,,,,,,,,,,,,,,,
LIEBHERR,R930,2015,,Liebherr D936,LBR930A001,LBR930A999,30500,,10500.0,,,,,,,,,,,,,,,,,,,,,,,,,,,,,,
LIEBHERR,R934,2015,,Liebherr D936,LBR934A001,LBR934A999,34500,,10500.0,,,,,,,,,,,,,,,,,,,,,,,,,,,,,,
LIEBHERR,R9350,2015,,Cummins QSK60,LBR9350A01,LBR9350A02,350000,,60200.0,,,,,,,,,,,,,,,,,,,,,,,,,,,,,,
LIEBHERR,R938,2015,,Liebherr D936,LBR938A001,LBR938A999,38500,,10500.0,,,,,,,,,,,,,,,,,,,,,,,,,,,,,,
LIEBHERR,R9400,2015,,Cummins QSK60,LBR9400A01,LBR9400A02,400000,,60200.0,,,,,,,,,,,,,,,,,,,,,,,,,,,,,,
LIEBHERR,R945,2015,,Liebherr D946,LBR945A001,LBR945A999,45000,,12000.0,,,,,,,,,,,,,,,,,,,,,,,,,,,,,,
LIEBHERR,R950,2015,,Liebherr D946,LBR950A001,LBR950A999,50000,,12000.0,,,,,,,,,,,,,,,,,,,,,,,,,,,,,,
LIEBHERR,R956,2015,,Liebherr D946,LBR956A001,LBR956A999,56000,,12000.0,,,,,,,,,,,,,,,,,,,,,,,,,,,,,,
LIEBHERR,R960,2015,,Liebherr D9508,LBR960A001,LBR960A999,60000,,16200.0,,,,,,,,,,,,,,,,,,,,,,,,,,,,,,
LIEBHERR,R966,2015,,Liebherr D9508,LBR966A001,LBR966A999,66000,,16200.0,,,,,,,,,,,,,,,,,,,,,,,,,,,,,,
LIEBHERR,R970 SME,2015,,Liebherr D9508,LBR970A001,LBR970A500,70000,,16200.0,,,,,,,,,,,,,,,,,,,,,,,,,,,,,,
LIEBHERR,R976,2015,,Liebherr D9512,LBR976A001,LBR976A300,100000,,24200.0,,,,,,,,,,,,,,,,,,,,,,,,,,,,,,
LIEBHERR,R980 SME,2015,,Liebherr D9512,LBR980A001,LBR980A200,115000,,24200.0,,,,,,,,,,,,,,,,,,,,,,,,,,,,,,
LIEBHERR,R9800,2015,,Cummins QSK78,LBR9800A01,LBR9800A01,800000,,77600.0,,,,,,,,,,,,,,,,,,,,,,,,,,,,,,
NEW HOLLAND,B100C,2015,,FPT F4HE,NHB100A001,NHB100A999,8500,,4500.0,,,,,,,,,,,,,,,,,,,,,,,,,,,,,,
NEW HOLLAND,B110C,2015,,FPT F4HE,NHB110A001,NHB110A999,9500,,4500.0,,,,,,,,,,,,,,,,,,,,,,,,,,,,,,
NEW HOLLAND,B115C,2015,,FPT F4HE,NHB115A001,NHB115A999,10000,,4500.0,,,,,,,,,,,,,,,,,,,,,,,,,,,,,,
NEW HOLLAND,B90B,2010,,FPT F4HE,NHB90A0001,NHB90A9999,7500,,4500.0,,,,,,,,,,,,,,,,,,,,,,,,,,,,,,
NEW HOLLAND,B95C,2015,,FPT F4HE,NHB95A0001,NHB95A9999,8000,,4500.0,,,,,,,,,,,,,,,,,,,,,,,,,,,,,,
NEW HOLLAND,E10SR,2015,,Yanmar 3TNV70,NHE10A0001,NHE10A9999,1050,,854.0,,,,,,,,,,,,,,,,,,,,,,,,,,,,,,
NEW HOLLAND,E135BSR,2015,,FPT F4HE,NHE135A001,NHE135A999,14000,,4500.0,,,,,,,,,,,,,,,,,,,,,,,,,,,,,,
NEW HOLLAND,E145C SR,2018,,FPT F4HE,NHE145A001,NHE145A999,15000,,4500.0,,,,,,,,,,,,,,,,,,,,,,,,,,,,,,
NEW HOLLAND,E175C,2018,,FPT F4HE,NHE175A001,NHE175A999,18000,,4500.0,,,,,,,,,,,,,,,,,,,,,,,,,,,,,,
NEW HOLLAND,E17C,2018,,Yanmar 3TNV76,NHE17A0001,NHE17A9999,1750,,1116.0,,,,,,,,,,,,,,,,,,,,,,,,,,,,,,
NEW HOLLAND,E18SR,2015,,Yanmar 3TNV76,NHE18A0001,NHE18A9999,1850,,1116.0,,,,,,,,,,,,,,,,,,,,,,,,,,,,,,
NEW HOLLAND,E215C,2018,,FPT F4HE,NHE215A001,NHE215A999,22000,,4500.0,,,,,,,,,,,,,,,,,,,,,,,,,,,,,,
NEW HOLLAND,E245C,2018,,FPT F4HE,NHE245A001,NHE245A999,25000,,4500.0,,,,,,,,,,,,,,,,,,,,,,,,,,,,,,
NEW HOLLAND,E265C,2018,,FPT C87,NHE265A001,NHE265A999,27000,,8700.0,,,,,,,,,,,,,,,,,,,,,,,,,,,,,,
NEW HOLLAND,E26C,2018,,Yanmar 3TNV80F,NHE26A0001,NHE26A9999,2700,,1266.0,,,,,,,,,,,,,,,,,,,,,,,,,,,,,,
NEW HOLLAND,E27C,2018,,Yanmar 3TNV82A,NHE27A0001,NHE27A9999,2850,,1331.0,,,,,,,,,,,,,,,,,,,,,,,,,,,,,,
NEW HOLLAND,E305C,2018,,FPT C87,NHE305A001,NHE305A999,31000,,8700.0,,,,,,,,,,,,,,,,,,,,,,,,,,,,,,
NEW HOLLAND,E33C,2018,,Yanmar 3TNV88F,NHE33A0001,NHE33A9999,3400,,1642.0,,,,,,,,,,,,,,,,,,,,,,,,,,,,,,
NEW HOLLAND,E35C,2018,,Yanmar 3TNV88F,NHE35A0001,NHE35A9999,3650,,1642.0,,,,,,,,,,,,,,,,,,,,,,,,,,,,,,
NEW HOLLAND,E37C,2018,,Yanmar 3TNV88F,NHE37A0001,NHE37A9999,3850,,1642.0,,,,,,,,,,,,,,,,,,,,,,,,,,,,,,
NEW HOLLAND,E385C,2018,,FPT C87,NHE385A001,NHE385A999,39000,,8700.0,,,,,,,,,,,,,,,,,,,,,,,,,,,,,,
NEW HOLLAND,E485C,2018,,FPT C13,NHE485A001,NHE485A999,49000,,12900.0,,,,,,,,,,,,,,,,,,,,,,,,,,,,,,
NEW HOLLAND,E55BX,2015,,Yanmar 4TNV98,NHE55A0001,NHE55A9999,5500,,3319.0,,,,,,,,,,,,,,,,,,,,,,,,,,,,,,
NEW HOLLAND,E57C,2018,,Yanmar 4TNV98,NHE57A0001,NHE57A9999,5750,,3319.0,,,,,,,,,,,,,,,,,,,,,,,,,,,,,,
NEW HOLLAND,E60C,2018,,FPT F34,NHE60A0001,NHE60A9999,6100,,3400.0,,,,,,,,,,,,,,,,,,,,,,,,,,,,,,
NEW HOLLAND,E80MSR,2015,,FPT F34,NHE80A0001,NHE80A9999,8200,,3400.0,,,,,,,,,,,,,,,,,,,,,,,,,,,,,,
NEW HOLLAND,E85BSR,2015,,FPT F34,NHE85A0001,NHE85A9999,8600,,3400.0,,,,,,,,,,,,,,,,,,,,,,,,,,,,,,
NEW HOLLAND,W110C,2015,,FPT F4HE,NHW110A001,NHW110A999,9500,,4500.0,,,,,,,,,,,,,,,,,,,,,,,,,,,,,,
NEW HOLLAND,W130C,2015,,FPT F4HE,NHW130A001,NHW130A999,11500,,4500.0,,,,,,,,,,,,,,,,,,,,,,,,,,,,,,
NEW HOLLAND,W170C,2015,,FPT C87,NHW170A001,NHW170A999,15000,,8700.0,,,,,,,,,,,,,,,,,,,,,,,,,,,,,,
NEW HOLLAND,W190C,2015,,FPT C87,NHW190A001,NHW190A999,17500,,8700.0,,,,,,,,,,,,,,,,,,,,,,,,,,,,,,
NEW HOLLAND,W230C,2015,,FPT C87,NHW230A001,NHW230A999,21000,,8700.0,,,,,,,,,,,,,,,,,,,,,,,,,,,,,,
NEW HOLLAND,W270C,2015,,FPT C13,NHW270A001,NHW270A999,25000,,12900.0,,,,,,,,,,,,,,,,,,,,,,,,,,,,,,
NEW HOLLAND,W300C,2015,,FPT C13,NHW300A001,NHW300A999,28000,,12900.0,,,,,,,,,,,,,,,,,,,,,,,,,,,,,,
NEW HOLLAND,W50C,2015,,FPT F34,NHW50A0001,NHW50A9999,4500,,3400.0,,,,,,,,,,,,,,,,,,,,,,,,,,,,,,
NEW HOLLAND,W60C,2015,,FPT F34,NHW60A0001,NHW60A9999,5200,,3400.0,,,,,,,,,,,,,,,,,,,,,,,,,,,,,,
NEW HOLLAND,W70C,2015,,FPT F34,NHW70A0001,NHW70A9999,6000,,3400.0,,,,,,,,,,,,,,,,,,,,,,,,,,,,,,
NEW HOLLAND,W80C,2015,,FPT F4HE,NHW80A0001,NHW80A9999,7000,,4500.0,,,,,,,,,,,,,,,,,,,,,,,,,,,,,,
O&K,L15,1985,2000.0,Deutz BF4L913,OKL15A0001,OKL15A3000,8000,,4100.0,,,,,,,,,,,,,,,,,,,,,,,,,,,,,,
O&K,L25,1985,2000.0,Deutz BF6L913,OKL25A0001,OKL25A2000,14000,,6120.0,,,,,,,,,,,,,,,,,,,,,,,,,,,,,,
O&K,L35,1985,2000.0,Deutz BF6L913,OKL35A0001,OKL35A1500,18000,,6120.0,,,,,,,,,,,,,,,,,,,,,,,,,,,,,,
O&K,L45,1985,2000.0,Deutz BF8L513,OKL45A0001,OKL45A1000,25000,,12800.0,,,,,,,,,,,,,,,,,,,,,,,,,,,,,,
O&K,L55,1985,2000.0,Cummins KTA19,OKL55A0001,OKL55A0500,35000,,19000.0,,,,,,,,,,,,,,,,,,,,,,,,,,,,,,
O&K,MH Plus,1995,2005.0,Deutz BF6L914,OKMHPA0001,OKMHPA0800,20000,,6600.0,,,,,,,,,,,,,,,,,,,,,,,,,,,,,,
O&K,MH4,1990,2005.0,Deutz BF4L914,OKMH4A0001,OKMH4A2000,14000,,4400.0,,,,,,,,,,,,,,,,,,,,,,,,,,,,,,
O&K,MH5,1990,2005.0,Deutz BF4L914,OKMH5A0001,OKMH5A1500,16000,,4400.0,,,,,,,,,,,,,,,,,,,,,,,,,,,,,,
O&K,MH6,1990,2005.0,Deutz BF6L914,OKMH6A0001,OKMH6A1000,18000,,6600.0,,,,,,,,,,,,,,,,,,,,,,,,,,,,,,
O&K,RH12,1985,2000.0,Deutz BF6L913,OKRH12A001,OKRH12A200,35000,,6120.0,,,,,,,,,,,,,,,,,,,,,,,,,,,,,,
O&K,RH120,1990,2005.0,Cummins QSK60,OKRH120A01,OKRH120A20,350000,,60200.0,,,,,,,,,,,,,,,,,,,,,,,,,,,,,,
O&K,RH12.5,1990,2005.0,Deutz BF6L914,OKRH125A01,OKRH125A20,38000,,6600.0,,,,,,,,,,,,,,,,,,,,,,,,,,,,,,
O&K,RH170,1995,2005.0,Cummins QSK78,OKRH170A01,OKRH170A15,500000,,77600.0,,,,,,,,,,,,,,,,,,,,,,,,,,,,,,
O&K,RH20,1985,2000.0,Deutz BF8L513,OKRH20A001,OKRH20A150,55000,,12800.0,,,,,,,,,,,,,,,,,,,,,,,,,,,,,,
O&K,RH200,1995,2005.0,Cummins QSK78,OKRH200A01,OKRH200A10,600000,,77600.0,,,,,,,,,,,,,,,,,,,,,,,,,,,,,,
O&K,RH25,1985,2000.0,Deutz BF8L513,OKRH25A001,OKRH25A100,65000,,12800.0,,,,,,,,,,,,,,,,,,,,,,,,,,,,,,
O&K,RH30,1985,2000.0,Cummins KTA19,OKRH30A001,OKRH30A080,85000,,19000.0,,,,,,,,,,,,,,,,,,,,,,,,,,,,,,
O&K,RH40,1985,2000.0,Cummins KTA38,OKRH40A001,OKRH40A050,130000,,38000.0,,,,,,,,,,,,,,,,,,,,,,,,,,,,,,
O&K,RH6,1985,2000.0,Deutz BF4L913,OKRH6A0001,OKRH6A5000,18000,,4100.0,,,,,,,,,,,,,,,,,,,,,,,,,,,,,,
O&K,RH6.5,1990,2005.0,Deutz BF4L914,OKRH65A001,OKRH65A500,20000,,4400.0,,,,,,,,,,,,,,,,,,,,,,,,,,,,,,
O&K,RH9,1985,2000.0,Deutz BF6L913,OKRH9A0001,OKRH9A3000,28000,,6120.0,,,,,,,,,,,,,,,,,,,,,,,,,,,,,,
O&K,RH90,1990,2005.0,Cummins QSK45,OKRH90A001,OKRH90A030,250000,,45000.0,,,,,,,,,,,,,,,,,,,,,,,,,,,,,,
SCHAEFF,HR12,2000,2015.0,Yanmar 3TNV76,SFHR12A001,SFHR12A999,1850,,1116.0,,,,,,,,,,,,,,,,,,,,,,,,,,,,,,
SCHAEFF,HR14,2000,2015.0,Yanmar 3TNV80F,SFHR14A001,SFHR14A999,2100,,1266.0,,,,,,,,,,,,,,,,,,,,,,,,,,,,,,
SCHAEFF,HR16,2000,2015.0,Yanmar 3TNV82A,SFHR16A001,SFHR16A999,2500,,1331.0,,,,,,,,,,,,,,,,,,,,,,,,,,,,,,
SCHAEFF,HR18,2000,2015.0,Yanmar 3TNV82A,SFHR18A001,SFHR18A999,2800,,1331.0,,,,,,,,,,,,,,,,,,,,,,,,,,,,,,
SCHAEFF,HR2,2000,2015.0,Yanmar 2TNV70,SFHR2A0001,SFHR2A9999,700,,570.0,,,,,,,,,,,,,,,,,,,,,,,,,,,,,,
SCHAEFF,HR20,2000,2015.0,Yanmar 3TNV88F,SFHR20A001,SFHR20A999,3200,,1642.0,,,,,,,,,,,,,,,,,,,,,,,,,,,,,,
SCHAEFF,HR22,2000,2015.0,Yanmar 3TNV88F,SFHR22A001,SFHR22A999,3500,,1642.0,,,,,,,,,,,,,,,,,,,,,,,,,,,,,,
SCHAEFF,HR32,2000,2015.0,Yanmar 4TNV88,SFHR32A001,SFHR32A999,4500,,2190.0,,,,,,,,,,,,,,,,,,,,,,,,,,,,,,
SCHAEFF,HR4,2000,2015.0,Yanmar 3TNV70,SFHR4A0001,SFHR4A9999,1100,,854.0,,,,,,,,,,,,,,,,,,,,,,,,,,,,,,
SCHAEFF,HR42,2000,2015.0,Yanmar 4TNV98,SFHR42A001,SFHR42A999,5500,,3319.0,,,,,,,,,,,,,,,,,,,,,,,,,,,,,,
SCHAEFF,HR8,2000,2015.0,Yanmar 3TNV76,SFHR8A0001,SFHR8A9999,1600,,1116.0,,,,,,,,,,,,,,,,,,,,,,,,,,,,,,
SCHAEFF,SKL823,2000,2015.0,Deutz BF4L1011,SFSKL823A1,SFSKL823A9,2500,,2730.0,,,,,,,,,,,,,,,,,,,,,,,,,,,,,,
SCHAEFF,SKL833,2000,2015.0,Deutz BF4L1011,SFSKL833A1,SFSKL833A9,3000,,2730.0,,,,,,,,,,,,,,,,,,,,,,,,,,,,,,
SCHAEFF,SKL843,2000,2015.0,Deutz BF4L1011,SFSKL843A1,SFSKL843A9,3500,,2730.0,,,,,,,,,,,,,,,,,,,,,,,,,,,,,,
SCHAEFF,SKL853,2000,2015.0,Deutz BF4L2011,SFSKL853A1,SFSKL853A9,4000,,3100.0,,,,,,,,,,,,,,,,,,,,,,,,,,,,,,
SCHAEFF,SKL863,2000,2015.0,Deutz BF4L2011,SFSKL863A1,SFSKL863A9,4500,,3100.0,,,,,,,,,,,,,,,,,,,,,,,,,,,,,,
SCHAEFF,SKL873,2000,2015.0,Deutz BF4L2011,SFSKL873A1,SFSKL873A9,5000,,3100.0,,,,,,,,,,,,,,,,,,,,,,,,,,,,,,
TAKEUCHI,TB108,2018,,Yanmar 2TNV70,TK108A0001,TK108A9999,850,,570.0,,,,,,,,,,,,,,,,,,,,,,,,,,,,,,
TAKEUCHI,TB210R,2018,,Yanmar 3TNV70,TK210A0001,TK210A9999,1100,,854.0,,,,,,,,,,,,,,,,,,,,,,,,,,,,,,
TAKEUCHI,TB2150,2020,,Deutz TCD4.1,TK2150A001,TK2150A999,15500,,4100.0,,,,,,,,,,,,,,,,,,,,,,,,,,,,,,
TAKEUCHI,TB2150R,2020,,Deutz TCD4.1,TK215RA001,TK215RA999,16000,,4100.0,,,,,,,,,,,,,,,,,,,,,,,,,,,,,,
TAKEUCHI,TB215R,2018,,Yanmar 3TNV70,TK215A0001,TK215A9999,1550,,854.0,,,,,,,,,,,,,,,,,,,,,,,,,,,,,,
TAKEUCHI,TB216,2018,,Yanmar 3TNV70,TK216A0001,TK216A9999,1650,,854.0,,,,,,,,,,,,,,,,,,,,,,,,,,,,,,
TAKEUCHI,TB217R,2020,,Yanmar 3TNV76,TK217A0001,TK217A9999,1750,,1116.0,,,,,,,,,,,,,,,,,,,,,,,,,,,,,,
TAKEUCHI,TB219,2018,,Yanmar 3TNV76,TK219A0001,TK219A9999,1950,,1116.0,,,,,,,,,,,,,,,,,,,,,,,,,,,,,,
TAKEUCHI,TB220,2015,,Yanmar 3TNV76,TK220A0001,TK220A9999,2050,,1116.0,,,,,,,,,,,,,,,,,,,,,,,,,,,,,,
TAKEUCHI,TB225,2018,,Yanmar 3TNV80F,TK225A0001,TK225A9999,2600,,1266.0,,,,,,,,,,,,,,,,,,,,,,,,,,,,,,
TAKEUCHI,TB228,2018,,Yanmar 3TNV82A,TK228A0001,TK228A9999,2900,,1331.0,,,,,,,,,,,,,,,,,,,,,,,,,,,,,,
TAKEUCHI,TB230,2015,,Yanmar 3TNV82A,TK230A0001,TK230A9999,3100,,1331.0,,,,,,,,,,,,,,,,,,,,,,,,,,,,,,
TAKEUCHI,TB235-2,2018,,Yanmar 3TNV88F,TK235A0001,TK235A9999,3600,,1642.0,,,,,,,,,,,,,,,,,,,,,,,,,,,,,,
TAKEUCHI,TB240,2018,,Yanmar 3TNV88F,TK240A0001,TK240A9999,4100,,1642.0,,,,,,,,,,,,,,,,,,,,,,,,,,,,,,
TAKEUCHI,TB250-2,2018,,Yanmar 4TNV88,TK250A0001,TK250A9999,5100,,2190.0,,,,,,,,,,,,,,,,,,,,,,,,,,,,,,
TAKEUCHI,TB257FR,2018,,Yanmar 4TNV98,TK257A0001,TK257A9999,5800,,3319.0,,,,,,,,,,,,,,,,,,,,,,,,,,,,,,
TAKEUCHI,TB260,2018,,Yanmar 4TNV98,TK260A0001,TK260A9999,6100,,3319.0,,,,,,,,,,,,,,,,,,,,,,,,,,,,,,
TAKEUCHI,TB280FR,2018,,Yanmar 4TNV98,TK280A0001,TK280A9999,8200,,3319.0,,,,,,,,,,,,,,,,,,,,,,,,,,,,,,
TAKEUCHI,TB285,2018,,Deutz TCD3.6,TK285A0001,TK285A9999,8700,,3600.0,,,,,,,,,,,,,,,,,,,,,,,,,,,,,,
TAKEUCHI,TB290,2018,,Deutz TCD3.6,TK290A0001,TK290A9999,9200,,3600.0,,,,,,,,,,,,,,,,,,,,,,,,,,,,,,
TAKEUCHI,TL10V2,2018,,Yanmar 4TNV98,TKTL10A001,TKTL10A999,4200,,3319.0,,,,,,,,,,,,,,,,,,,,,,,,,,,,,,
TAKEUCHI,TL12R2,2018,,Deutz TCD3.6,TKTL12A001,TKTL12A999,4800,,3600.0,,,,,,,,,,,,,,,,,,,,,,,,,,,,,,
TAKEUCHI,TL12V2,2018,,Deutz TCD3.6,TKTL12B001,TKTL12B999,5000,,3600.0,,,,,,,,,,,,,,,,,,,,,,,,,,,,,,
TAKEUCHI,TL6R,2018,,Yanmar 4TNV88,TKTL6A0001,TKTL6A9999,3200,,2190.0,,,,,,,,,,,,,,,,,,,,,,,,,,,,,,
TAKEUCHI,TL8,2018,,Yanmar 4TNV98,TKTL8A0001,TKTL8A9999,3800,,3319.0,,,,,,,,,,,,,,,,,,,,,,,,,,,,,,
TAKEUCHI,TW60,2018,,Yanmar 4TNV98,TKTW60A001,TKTW60A999,4200,,3319.0,,,,,,,,,,,,,,,,,,,,,,,,,,,,,,
TAKEUCHI,TW65,2018,,Yanmar 4TNV98,TKTW65A001,TKTW65A999,4600,,3319.0,,,,,,,,,,,,,,,,,,,,,,,,,,,,,,
TAKEUCHI,TW80,2018,,Deutz TCD3.6,TKTW80A001,TKTW80A999,5500,,3600.0,,,,,,,,,,,,,,,,,,,,,,,,,,,,,,
TEREX,TC125,2010,,Deutz TCD4.1,TXTC125A01,TXTC125A99,13000,,4100.0,,,,,,,,,,,,,,,,,,,,,,,,,,,,,,
TEREX,TC16,2010,,Yanmar 3TNV70,TXTC16A001,TXTC16A999,1650,,854.0,,,,,,,,,,,,,,,,,,,,,,,,,,,,,,
TEREX,TC19,2010,,Yanmar 3TNV76,TXTC19A001,TXTC19A999,1950,,1116.0,,,,,,,,,,,,,,,,,,,,,,,,,,,,,,
TEREX,TC20,2010,,Yanmar 3TNV76,TXTC20A001,TXTC20A999,2100,,1116.0,,,,,,,,,,,,,,,,,,,,,,,,,,,,,,
TEREX,TC210,2010,,Deutz TCD6.1,TXTC210A01,TXTC210A99,21500,,6100.0,,,,,,,,,,,,,,,,,,,,,,,,,,,,,,
TEREX,TC225,2010,,Deutz TCD6.1,TXTC225A01,TXTC225A99,23000,,6100.0,,,,,,,,,,,,,,,,,,,,,,,,,,,,,,
TEREX,TC25,2010,,Yanmar 3TNV80F,TXTC25A001,TXTC25A999,2600,,1266.0,,,,,,,,,,,,,,,,,,,,,,,,,,,,,,
TEREX,TC260,2010,,Deutz TCD7.8,TXTC260A01,TXTC260A99,26500,,7800.0,,,,,,,,,,,,,,,,,,,,,,,,,,,,,,
TEREX,TC29,2010,,Yanmar 3TNV82A,TXTC29A001,TXTC29A999,3000,,1331.0,,,,,,,,,,,,,,,,,,,,,,,,,,,,,,
TEREX,TC35,2010,,Yanmar 3TNV88F,TXTC35A001,TXTC35A999,3600,,1642.0,,,,,,,,,,,,,,,,,,,,,,,,,,,,,,
TEREX,TC37,2010,,Yanmar 3TNV88F,TXTC37A001,TXTC37A999,3800,,1642.0,,,,,,,,,,,,,,,,,,,,,,,,,,,,,,
TEREX,TC48,2010,,Yanmar 4TNV88,TXTC48A001,TXTC48A999,4900,,2190.0,,,,,,,,,,,,,,,,,,,,,,,,,,,,,,
TEREX,TC50,2010,,Yanmar 4TNV88,TXTC50A001,TXTC50A999,5100,,2190.0,,,,,,,,,,,,,,,,,,,,,,,,,,,,,,
TEREX,TC60,2010,,Yanmar 4TNV98,TXTC60A001,TXTC60A999,6200,,3319.0,,,,,,,,,,,,,,,,,,,,,,,,,,,,,,
TEREX,TC75,2010,,Deutz TCD3.6,TXTC75A001,TXTC75A999,7700,,3600.0,,,,,,,,,,,,,,,,,,,,,,,,,,,,,,
TEREX,TC85,2010,,Deutz TCD3.6,TXTC85A001,TXTC85A999,8700,,3600.0,,,,,,,,,,,,,,,,,,,,,,,,,,,,,,
TEREX,TL100,2010,,Deutz TCD4.1,TXTL100A01,TXTL100A99,8500,,4100.0,,,,,,,,,,,,,,,,,,,,,,,,,,,,,,
TEREX,TL120,2010,,Deutz TCD4.1,TXTL120A01,TXTL120A99,10500,,4100.0,,,,,,,,,,,,,,,,,,,,,,,,,,,,,,
TEREX,TL150,2010,,Deutz TCD6.1,TXTL150A01,TXTL150A99,13500,,6100.0,,,,,,,,,,,,,,,,,,,,,,,,,,,,,,
TEREX,TL210,2010,,Deutz TCD6.1,TXTL210A01,TXTL210A99,17500,,6100.0,,,,,,,,,,,,,,,,,,,,,,,,,,,,,,
TEREX,TL260,2010,,Deutz TCD7.8,TXTL260A01,TXTL260A99,22000,,7800.0,,,,,,,,,,,,,,,,,,,,,,,,,,,,,,
TEREX,TL65,2010,,Deutz TCD3.6,TXTL65A001,TXTL65A999,5500,,3600.0,,,,,,,,,,,,,,,,,,,,,,,,,,,,,,
TEREX,TL80,2010,,Deutz TCD3.6,TXTL80A001,TXTL80A999,6500,,3600.0,,,,,,,,,,,,,,,,,,,,,,,,,,,,,,
TEREX,TW110,2010,,Deutz TCD4.1,TXTW110A01,TXTW110A99,11500,,4100.0,,,,,,,,,,,,,,,,,,,,,,,,,,,,,,
TEREX,TW150,2010,,Deutz TCD6.1,TXTW150A01,TXTW150A99,15500,,6100.0,,,,,,,,,,,,,,,,,,,,,,,,,,,,,,
TEREX,TW170,2010,,Deutz TCD6.1,TXTW170A01,TXTW170A99,17500,,6100.0,,,,,,,,,,,,,,,,,,,,,,,,,,,,,,
TEREX,TW85,2010,,Deutz TCD3.6,TXTW85A001,TXTW85A999,8800,,3600.0,,,,,,,,,,,,,,,,,,,,,,,,,,,,,,
VOLVO,EC140E,2018,,Volvo D4J,VCEC140E0001,VCEC140E9999,14500,,4000.0,,,,,,,,,,,,,,,,,,,,,,,,,,,,,,
VOLVO,EC15E,2018,,Volvo D0.9A,VCEC15E00001,VCEC15E09999,1600,,900.0,,,,,,,,,,,,,,,,,,,,,,,,,,,,,,
VOLVO,EC160E,2018,,Volvo D4J,VCEC160E0001,VCEC160E9999,16500,,4000.0,,,,,,,,,,,,,,,,,,,,,,,,,,,,,,
VOLVO,EC18E,2018,,Volvo D0.9A,VCEC18E00001,VCEC18E09999,1800,,900.0,,,,,,,,,,,,,,,,,,,,,,,,,,,,,,
VOLVO,EC200E,2018,,Volvo D5J,VCEC200E0001,VCEC200E9999,20500,,5100.0,,,,,,,,,,,,,,,,,,,,,,,,,,,,,,
VOLVO,EC20E,2018,,Volvo D0.9A,VCEC20E00001,VCEC20E09999,2100,,900.0,,,,,,,,,,,,,,,,,,,,,,,,,,,,,,
VOLVO,EC210,2014,2018.0,Volvo D6E,VCEC21000001,VCEC21099999,21000,,5500.0,,,,,,,,,,,,,,,,,,,,,,,,,,,,,,
VOLVO,EC220E,2018,,Volvo D6J,VCEC220E0001,VCEC220E9999,22500,,5500.0,,,,,,,,,,,,,,,,,,,,,,,,,,,,,,
VOLVO,EC240,2014,2018.0,Volvo D6E,VCEC24000001,VCEC24099999,24500,,5500.0,,,,,,,,,,,,,,,,,,,,,,,,,,,,,,
VOLVO,EC250E,2018,,Volvo D6J,VCEC250E0001,VCEC250E9999,25500,,5500.0,,,,,,,,,,,,,,,,,,,,,,,,,,,,,,
VOLVO,EC27E,2018,,Volvo D1.2A,VCEC27E00001,VCEC27E09999,2800,,1200.0,,,,,,,,,,,,,,,,,,,,,,,,,,,,,,
VOLVO,EC290,2014,2018.0,Volvo D7E,VCEC29000001,VCEC29099999,29500,,7100.0,,,,,,,,,,,,,,,,,,,,,,,,,,,,,,
VOLVO,EC300E,2018,,Volvo D8J,VCEC300E0001,VCEC300E9999,30500,,7700.0,,,,,,,,,,,,,,,,,,,,,,,,,,,,,,
VOLVO,EC350E,2018,,Volvo D8J,VCEC350E0001,VCEC350E9999,35500,,7700.0,,,,,,,,,,,,,,,,,,,,,,,,,,,,,,
VOLVO,EC35E,2018,,Volvo D1.8A,VCEC35E00001,VCEC35E09999,3600,,1800.0,,,,,,,,,,,,,,,,,,,,,,,,,,,,,,
VOLVO,EC360,2014,2018.0,Volvo D11H,VCEC36000001,VCEC36099999,36000,,10800.0,,,,,,,,,,,,,,,,,,,,,,,,,,,,,,
VOLVO,EC380E,2018,,Volvo D11J,VCEC380E0001,VCEC380E9999,38500,,10800.0,,,,,,,,,,,,,,,,,,,,,,,,,,,,,,
VOLVO,EC480,2014,2018.0,Volvo D13H,VCEC48000001,VCEC48099999,48000,,12800.0,,,,,,,,,,,,,,,,,,,,,,,,,,,,,,
VOLVO,EC480E,2018,,Volvo D13J,VCEC480E0001,VCEC480E9999,49000,,12800.0,,,,,,,,,,,,,,,,,,,,,,,,,,,,,,
VOLVO,EC530E,2018,,Volvo D13J,VCEC530E0001,VCEC530E9999,53500,,12800.0,,,,,,,,,,,,,,,,,,,,,,,,,,,,,,
VOLVO,EC55E,2018,,Volvo D2.6A,VCEC55E00001,VCEC55E09999,5500,,2600.0,,,,,,,,,,,,,,,,,,,,,,,,,,,,,,
VOLVO,EC60E,2018,,Volvo D2.6A,VCEC60E00001,VCEC60E09999,6000,,2600.0,,,,,,,,,,,,,,,,,,,,,,,,,,,,,,
VOLVO,EC750E,2018,,Volvo D16J,VCEC750E0001,VCEC750E5000,75000,,16100.0,,,,,,,,,,,,,,,,,,,,,,,,,,,,,,
VOLVO,EC75E,2018,,Volvo D3.4A,VCEC75E00001,VCEC75E09999,7500,,3400.0,,,,,,,,,,,,,,,,,,,,,,,,,,,,,,
VOLVO,EC950E,2018,,Volvo D16J,VCEC950E0001,VCEC950E3000,95000,,16100.0,,,,,,,,,,,,,,,,,,,,,,,,,,,,,,
VOLVO,ECR88E,2018,,Volvo D3.4A,VCECR88E0001,VCECR88E9999,8800,,3400.0,,,,,,,,,,,,,,,,,,,,,,,,,,,,,,
VOLVO,L110H,2015,,Volvo D8J,VCL110H0001,VCL110H9999,18500,,7700.0,,,,,,,,,,,,,,,,,,,,,,,,,,,,,,
VOLVO,L120,2005,2015.0,Volvo D10B,VCL12000001,VCL12099999,20500,,9600.0,,,,,,,,,,,,,,,,,,,,,,,,,,,,,,
VOLVO,L120H,2015,,Volvo D11J,VCL120H0001,VCL120H9999,21000,,10800.0,,,,,,,,,,,,,,,,,,,,,,,,,,,,,,
VOLVO,L150,2005,2015.0,Volvo D12D,VCL15000001,VCL15099999,24500,,12100.0,,,,,,,,,,,,,,,,,,,,,,,,,,,,,,
VOLVO,L150H,2015,,Volvo D11J,VCL150H0001,VCL150H9999,25000,,10800.0,,,,,,,,,,,,,,,,,,,,,,,,,,,,,,
VOLVO,L180H,2015,,Volvo D13J,VCL180H0001,VCL180H9999,30000,,12800.0,,,,,,,,,,,,,,,,,,,,,,,,,,,,,,
VOLVO,L20H,2018,,Volvo D2.6A,VCL20H00001,VCL20H09999,4500,,2600.0,,,,,,,,,,,,,,,,,,,,,,,,,,,,,,
VOLVO,L220H,2015,,Volvo D13J,VCL220H0001,VCL220H5000,35000,,12800.0,,,,,,,,,,,,,,,,,,,,,,,,,,,,,,
VOLVO,L25H,2018,,Volvo D3.4A,VCL25H00001,VCL25H09999,5500,,3400.0,,,,,,,,,,,,,,,,,,,,,,,,,,,,,,
VOLVO,L260H,2015,,Volvo D16J,VCL260H0001,VCL260H3000,42000,,16100.0,,,,,,,,,,,,,,,,,,,,,,,,,,,,,,
VOLVO,L30G,2015,,Volvo D3.4A,VCL30G00001,VCL30G09999,6000,,3400.0,,,,,,,,,,,,,,,,,,,,,,,,,,,,,,
VOLVO,L350H,2015,,Volvo D16J,VCL350H0001,VCL350H2000,55000,,16100.0,,,,,,,,,,,,,,,,,,,,,,,,,,,,,,
VOLVO,L35G,2015,,Volvo D3.4A,VCL35G00001,VCL35G09999,6500,,3400.0,,,,,,,,,,,,,,,,,,,,,,,,,,,,,,
VOLVO,L45H,2018,,Volvo D4J,VCL45H00001,VCL45H09999,7500,,4000.0,,,,,,,,,,,,,,,,,,,,,,,,,,,,,,
VOLVO,L50H,2018,,Volvo D4J,VCL50H00001,VCL50H09999,8500,,4000.0,,,,,,,,,,,,,,,,,,,,,,,,,,,,,,
VOLVO,L60H,2015,,Volvo D6J,VCL60H00001,VCL60H09999,10500,,5500.0,,,,,,,,,,,,,,,,,,,,,,,,,,,,,,
VOLVO,L70H,2015,,Volvo D6J,VCL70H00001,VCL70H09999,12500,,5500.0,,,,,,,,,,,,,,,,,,,,,,,,,,,,,,
VOLVO,L90,2005,2015.0,Volvo D7E,VCL9000001,VCL9009999,15000,,7100.0,,,,,,,,,,,,,,,,,,,,,,,,,,,,,,
VOLVO,L90H,2015,,Volvo D8J,VCL90H00001,VCL90H09999,15500,,7700.0,,,,,,,,,,,,,,,,,,,,,,,,,,,,,,
WACKER NEUSON,1404,2015,,Yanmar 3TNV70,WN1404A001,WN1404A999,1450,,854.0,,,,,,,,,,,,,,,,,,,,,,,,,,,,,,
WACKER NEUSON,803,2015,,Yanmar 2TNV70,WN803A0001,WN803A9999,850,,570.0,,,,,,,,,,,,,,,,,,,,,,,,,,,,,,
WACKER NEUSON,ET16,2018,,Yanmar 3TNV70,WNET16A001,WNET16A999,1650,,854.0,,,,,,,,,,,,,,,,,,,,,,,,,,,,,,
WACKER NEUSON,ET18,2018,,Yanmar 3TNV76,WNET18A001,WNET18A999,1850,,1116.0,,,,,,,,,,,,,,,,,,,,,,,,,,,,,,
WACKER NEUSON,ET20,2018,,Yanmar 3TNV76,WNET20A001,WNET20A999,2050,,1116.0,,,,,,,,,,,,,,,,,,,,,,,,,,,,,,
WACKER NEUSON,ET24,2018,,Yanmar 3TNV80F,WNET24A001,WNET24A999,2450,,1266.0,,,,,,,,,,,,,,,,,,,,,,,,,,,,,,
WACKER NEUSON,ET65,2015,,Yanmar 4TNV98,WNET65A001,WNET65A999,6600,,3319.0,,,,,,,,,,,,,,,,,,,,,,,,,,,,,,
WACKER NEUSON,ET90,2015,,Perkins 404F,WNET90A001,WNET90A999,9200,,2216.0,,,,,,,,,,,,,,,,,,,,,,,,,,,,,,
WACKER NEUSON,EW100,2018,,Perkins 404F,WNEW100A01,WNEW100A99,10500,,2216.0,,,,,,,,,,,,,,,,,,,,,,,,,,,,,,
WACKER NEUSON,EW65,2018,,Yanmar 4TNV98,WNEW65A001,WNEW65A999,6700,,3319.0,,,,,,,,,,,,,,,,,,,,,,,,,,,,,,
WACKER NEUSON,EZ26,2018,,Yanmar 3TNV80F,WNEZ26A001,WNEZ26A999,2700,,1266.0,,,,,,,,,,,,,,,,,,,,,,,,,,,,,,
WACKER NEUSON,EZ28,2018,,Yanmar 3TNV82A,WNEZ28A001,WNEZ28A999,2900,,1331.0,,,,,,,,,,,,,,,,,,,,,,,,,,,,,,
WACKER NEUSON,EZ36,2018,,Yanmar 3TNV88F,WNEZ36A001,WNEZ36A999,3700,,1642.0,,,,,,,,,,,,,,,,,,,,,,,,,,,,,,
WACKER NEUSON,EZ38,2018,,Yanmar 3TNV88F,WNEZ38A001,WNEZ38A999,3900,,1642.0,,,,,,,,,,,,,,,,,,,,,,,,,,,,,,
WACKER NEUSON,EZ50,2018,,Yanmar 4TNV88,WNEZ50A001,WNEZ50A999,5100,,2190.0,,,,,,,,,,,,,,,,,,,,,,,,,,,,,,
WACKER NEUSON,EZ53,2018,,Yanmar 4TNV98,WNEZ53A001,WNEZ53A999,5400,,3319.0,,,,,,,,,,,,,,,,,,,,,,,,,,,,,,
WACKER NEUSON,EZ80,2018,,Yanmar 4TNV98,WNEZ80A001,WNEZ80A999,8200,,3319.0,,,,,,,,,,,,,,,,,,,,,,,,,,,,,,
WACKER NEUSON,ST31,2018,,Yanmar 4TNV98,WNST31A001,WNST31A999,3800,,3319.0,,,,,,,,,,,,,,,,,,,,,,,,,,,,,,
WACKER NEUSON,ST35,2018,,Perkins 404F,WNST35A001,WNST35A999,4200,,2216.0,,,,,,,,,,,,,,,,,,,,,,,,,,,,,,
WACKER NEUSON,ST45,2018,,Perkins 404F,WNST45A001,WNST45A999,4800,,2216.0,,,,,,,,,,,,,,,,,,,,,,,,,,,,,,
WACKER NEUSON,SW16,2018,,Yanmar 3TNV88F,WNSW16A001,WNSW16A999,2400,,1642.0,,,,,,,,,,,,,,,,,,,,,,,,,,,,,,
WACKER NEUSON,SW21,2018,,Yanmar 4TNV88,WNSW21A001,WNSW21A999,2900,,2190.0,,,,,,,,,,,,,,,,,,,,,,,,,,,,,,
WACKER NEUSON,SW24,2018,,Yanmar 4TNV98,WNSW24A001,WNSW24A999,3200,,3319.0,,,,,,,,,,,,,,,,,,,,,,,,,,,,,,
WACKER NEUSON,SW28,2018,,Yanmar 4TNV98,WNSW28A001,WNSW28A999,3600,,3319.0,,,,,,,,,,,,,,,,,,,,,,,,,,,,,,
WACKER NEUSON,WL20,2018,,Yanmar 3TNV82A,WNWL20A001,WNWL20A999,2200,,1331.0,,,,,,,,,,,,,,,,,,,,,,,,,,,,,,
WACKER NEUSON,WL25,2018,,Yanmar 3TNV88F,WNWL25A001,WNWL25A999,2700,,1642.0,,,,,,,,,,,,,,,,,,,,,,,,,,,,,,
WACKER NEUSON,WL28,2018,,Yanmar 3TNV88F,WNWL28A001,WNWL28A999,3000,,1642.0,,,,,,,,,,,,,,,,,,,,,,,,,,,,,,
WACKER NEUSON,WL32,2018,,Yanmar 4TNV88,WNWL32A001,WNWL32A999,3400,,2190.0,,,,,,,,,,,,,,,,,,,,,,,,,,,,,,
WACKER NEUSON,WL34,2018,,Yanmar 4TNV88,WNWL34A001,WNWL34A999,3600,,2190.0,,,,,,,,,,,,,,,,,,,,,,,,,,,,,,
WACKER NEUSON,WL38,2018,,Yanmar 4TNV98,WNWL38A001,WNWL38A999,4000,,3319.0,,,,,,,,,,,,,,,,,,,,,,,,,,,,,,
WACKER NEUSON,WL44,2018,,Yanmar 4TNV98,WNWL44A001,WNWL44A999,4600,,3319.0,,,,,,,,,,,,,,,,,,,,,,,,,,,,,,
WACKER NEUSON,WL50,2018,,Yanmar 4TNV98,WNWL50A001,WNWL50A999,5200,,3319.0,,,,,,,,,,,,,,,,,,,,,,,,,,,,,,
WACKER NEUSON,WL52,2018,,Perkins 404F,WNWL52A001,WNWL52A999,5400,,2216.0,,,,,,,,,,,,,,,,,,,,,,,,,,,,,,
WACKER NEUSON,WL60,2018,,Perkins 404F,WNWL60A001,WNWL60A999,6200,,2216.0,,,,,,,,,,,,,,,,,,,,,,,,,,,,,,
WACKER NEUSON,WL70,2018,,Deutz TCD3.6,WNWL70A001,WNWL70A999,7200,,3600.0,,,,,,,,,,,,,,,,,,,,,,,,,,,,,,
WACKER NEUSON,WL95,2018,,Deutz TCD3.6,WNWL95A001,WNWL95A999,9700,,3600.0,,,,,,,,,,,,,,,,,,,,,,,,,,,,,,
YANMAR,B2U,2010,2018.0,Yanmar 3TNV70,YMB2UA0001,YMB2UA9999,1800,,854.0,,,,,,,,,,,,,,,,,,,,,,,,,,,,,,
YANMAR,B3U,2010,2018.0,Yanmar 3TNV82A,YMB3UA0001,YMB3UA9999,2900,,1331.0,,,,,,,,,,,,,,,,,,,,,,,,,,,,,,
YANMAR,B4U,2010,2018.0,Yanmar 3TNV88F,YMB4UA0001,YMB4UA9999,4100,,1642.0,,,,,,,,,,,,,,,,,,,,,,,,,,,,,,
YANMAR,B6U,2010,2018.0,Yanmar 4TNV98,YMB6UA0001,YMB6UA9999,6200,,3319.0,,,,,,,,,,,,,,,,,,,,,,,,,,,,,,
YANMAR,B7,2010,2018.0,Yanmar 4TNV98,YMB7A00001,YMB7A09999,7500,,3319.0,,,,,,,,,,,,,,,,,,,,,,,,,,,,,,
YANMAR,SV05,2015,,Yanmar 2TNV70,YMSV05A001,YMSV05A999,550,,570.0,,,,,,,,,,,,,,,,,,,,,,,,,,,,,,
YANMAR,SV08-1A,2015,,Yanmar 2TNV70,YMSV08A001,YMSV08A999,850,,570.0,,,,,,,,,,,,,,,,,,,,,,,,,,,,,,
YANMAR,SV15,2018,,Yanmar 3TNV70,YMSV15A001,YMSV15A999,1500,,854.0,,,,,,,,,,,,,,,,,,,,,,,,,,,,,,
YANMAR,SV17,2018,,Yanmar 3TNV70,YMSV17A001,YMSV17A999,1700,,854.0,,,,,,,,,,,,,,,,,,,,,,,,,,,,,,
YANMAR,SV18,2020,,Yanmar 3TNV76,YMSV18A001,YMSV18A999,1850,,1116.0,,,,,,,,,,,,,,,,,,,,,,,,,,,,,,
YANMAR,SV22,2020,,Yanmar 3TNV80F,YMSV22A001,YMSV22A999,2200,,1266.0,,,,,,,,,,,,,,,,,,,,,,,,,,,,,,
YANMAR,SV26,2018,,Yanmar 3TNV80F,YMSV26A001,YMSV26A999,2700,,1266.0,,,,,,,,,,,,,,,,,,,,,,,,,,,,,,
YANMAR,V10,2015,,Yanmar 4TNV98,YMV10A0001,YMV10A9999,7500,,3319.0,,,,,,,,,,,,,,,,,,,,,,,,,,,,,,
YANMAR,V12,2015,,Yanmar 4TNV98,YMV12A0001,YMV12A9999,8500,,3319.0,,,,,,,,,,,,,,,,,,,,,,,,,,,,,,
YANMAR,V4-7,2018,,Yanmar 4TNV98,YMV4A00001,YMV4A09999,4200,,3319.0,,,,,,,,,,,,,,,,,,,,,,,,,,,,,,
YANMAR,V5-7,2018,,Yanmar 4TNV98,YMV5A00001,YMV5A09999,5000,,3319.0,,,,,,,,,,,,,,,,,,,,,,,,,,,,,,
YANMAR,V7,2015,,Yanmar 4TNV98,YMV7A00001,YMV7A09999,5500,,3319.0,,,,,,,,,,,,,,,,,,,,,,,,,,,,,,
YANMAR,V8,2015,,Yanmar 4TNV98,YMV8A00001,YMV8A09999,6200,,3319.0,,,,,,,,,,,,,,,,,,,,,,,,,,,,,,
YANMAR,ViO17,2015,,Yanmar 3TNV70,YMV17A0001,YMV17A9999,1750,,854.0,,,,,,,,,,,,,,,,,,,,,,,,,,,,,,
YANMAR,ViO20,2015,,Yanmar 3TNV76,YMV20A0001,YMV20A9999,2050,,1116.0,,,,,,,,,,,,,,,,,,,,,,,,,,,,,,
YANMAR,ViO23,2015,,Yanmar 3TNV76,YMV23A0001,YMV23A9999,2350,,1116.0,,,,,,,,,,,,,,,,,,,,,,,,,,,,,,
YANMAR,ViO25,2015,,Yanmar 3TNV80F,YMV25A0001,YMV25A9999,2600,,1266.0,,,,,,,,,,,,,,,,,,,,,,,,,,,,,,
YANMAR,ViO27,2018,,Yanmar 3TNV80F,YMV27A0001,YMV27A9999,2800,,1266.0,,,,,,,,,,,,,,,,,,,,,,,,,,,,,,
YANMAR,ViO33,2015,,Yanmar 3TNV82A,YMV33A0001,YMV33A9999,3400,,1331.0,,,,,,,,,,,,,,,,,,,,,,,,,,,,,,
YANMAR,ViO35,2015,,Yanmar 3TNV88F,YMV35A0001,YMV35A9999,3600,,1642.0,,,,,,,,,,,,,,,,,,,,,,,,,,,,,,
YANMAR,ViO38,2018,,Yanmar 3TNV88F,YMV38A0001,YMV38A9999,3900,,1642.0,,,,,,,,,,,,,,,,,,,,,,,,,,,,,,
YANMAR,ViO45,2015,,Yanmar 4TNV88,YMV45A0001,YMV45A9999,4600,,2190.0,,,,,,,,,,,,,,,,,,,,,,,,,,,,,,
YANMAR,ViO50,2015,,Yanmar 4TNV88,YMV50A0001,YMV50A9999,5100,,2190.0,,,,,,,,,,,,,,,,,,,,,,,,,,,,,,
YANMAR,ViO55,2015,,Yanmar 4TNV98,YMV55A0001,YMV55A9999,5600,,3319.0,,,,,,,,,,,,,,,,,,,,,,,,,,,,,,
YANMAR,ViO57,2018,,Yanmar 4TNV98,YMV57A0001,YMV57A9999,5800,,3319.0,,,,,,,,,,,,,,,,,,,,,,,,,,,,,,
YANMAR,ViO80,2015,,Yanmar 4TNV98,YMV80A0001,YMV80A9999,8200,,3319.0,,,,,,,,,,,,,,,,,,,,,,,,,,,,,,
YANMAR,ViO82,2020,,Yanmar 4TNV98,YMV82A0001,YMV82A9999,8400,,3319.0,,,,,,,,,,,,,,,,,,,,,,,,,,,,,,
